0,Air Conditioners
1,All Computers & Accessories
2,All English
3,All Exercise & Fitness
4,All Gift Cards
5,All Hindi
6,"Baby Bath, Skin & Grooming"
7,Baby Fashion
8,Backpacks
9,Badminton
10,Bags & Luggage
11,Bedroom Linen
12,Best Wishes & Thank You
13,Birthday Gift Cards
14,Blu-ray
15,Camping & Hiking
16,Car & Bike Care
17,Car Accessories
18,Car Electronics
19,Car Parts
20,Cardio Equipment
21,Certified Refurbished
22,Clothing
23,Components
24,Computer Accessories
25,Cricket
26,Cycling
27,DSLR Cameras
28,Desktops
29,Diapers
30,Dog supplies
31,Drives & Storage
32,Entertainment Collectibles
33,Fitness Accessories
34,Football
35,Gaming Accessories
36,Gaming Consoles
37,"Gift Boxes, Gift Tags, Greeting Cards"
38,Headphones
39,Heating & Cooling Appliances
40,Home Audio & Theater
41,Home Entertainment Systems
42,Home Improvement
43,Indian Classical
44,Indoor Lighting
45,International Toy Store
46,Janitorial & Sanitation Supplies
47,Kids' Watches
48,Kitchen & Dining
49,Kitchen & Home Appliances
50,Kitchen Storage & Containers
51,Lab & Scientific
52,Laptops
53,Latest Video Games
54,Monitors
55,Motorbike Accessories & Parts
56,Musical Instruments & Professional Audio
57,Networking Devices
58,Nursing & Feeding
59,Office Supplies & Stationery
60,PC Games
61,Popular Brand Gift Vouchers
62,Printers & Ink
63,Refrigerators
64,Rucksacks
65,STEM Toys Store
66,School Bags
67,Security Cameras
68,Sewing & Craft Supplies
69,Smart Home
70,Software
71,Speakers
72,Sports Collectibles
73,Strength Training
74,Strollers & Prams
75,Suitcases & Trolley Bags
76,Tablets
77,Televisions
78,"Test, Measure & Inspect"
79,The Designer Boutique
80,Toys Gifting Store
81,Travel Accessories
82,Travel Duffles
83,Video Games Deals
84,Wallets
85,Washing Machines
86,Wedding & Anniversary
87,Yoga
