,Brand,Best_Seller,Best_Seller_Rating
0,2K Games,BEYOND TOYS AND GIFTS,4.069368690851468
1,3M,Autofurnish India,4.6478721041371465
2,A & T,Bonbury,3.2285743188155167
3,A C SPORTS,Sports Hub 1448,3.564106825204364
4,A'la Mode Creation,Excel India Online,2.8893658872081454
5,A-DATA,Peach Imports,4.069368690851468
6,AADHISHA,AADHISHA,3.1886914685722827
7,ABS AUTO TREND,SHREE JI TM,3.611797737395344
8,ABYS,L. B. PRINERS,3.840579011187131
9,ACTIVISION,BEYOND TOYS AND GIFTS,4.40989923026466
10,ADISA,ADISA International,3.3202328536993413
11,AL FASCINO,gostuffs,3.435635246063653
12,AM LEATHER,AM Leather,3.40189845051858
13,AMAZING HEALTH SOLUTION,S bags & Luggage,3.7629825979295783
14,AMAZON PAY,Shoora Retail,2.885470794395563
15,AMERICAN MICRONIC,Cloudtail India,3.655834299806908
16,AMG Digital,AMG Digital Store,3.5703285222735164
17,AO Smith,Galaxy Shopee,3.978975304242757
18,AOC,M.P.Enterprises,3.746353756020948
19,APACS,Triple Point Ventures,4.308351984182487
20,APPUCOCO,MAXBOOST,3.435044669581287
21,ART N HUB,Art N Hub,3.5242786154645316
22,ASE YOGA INDIA,ABID SHARIQ ENTERPRISES,3.493351040128755
23,ASTEROID,SR ELECTRONIC,4.129471963431477
24,ASkyl,Stvin¬ÆASkyl¬Æ(OFFICIAL STORE),3.2435312985436267
25,ATC PREMIUM,Weird¬ÆStore,3.484051255929982
26,AURION,TrishaEnterprises,3.966251785566294
27,AUXTER,Ambika Gems and Diamond,4.0998723989676025
28,AVM,Durga234,4.238295956671192
29,AVS STORE,avsstore,3.2939374945031785
30,AVS STORE¬Æ,avsstore,2.967438498139304
31,Aai,RaJ,3.999056311229503
32,Aamir Khan,RADIO & GRAMOPHONE HOUSE,4.567415506845638
33,Accezory,Cloudtail India,4.130521630007868
34,Acer,TPS Technologies,4.187021648634791
35,Acorn,ACORNSPORT,3.534105343293563
36,Activa,SHOP 24/7,3.8512369189514213
37,Adcom,Adcom India,3.0721159208618483
38,Advind Healthcare,Advind Healthcare,4.281142656831848
39,Aftab,fakhir associates,2.8569016210172187
40,Ahmedabad Cotton,GSDECOR,4.0353143676062535
41,AirCase,iStuff365,4.191461727624777
42,Airmaker,AIRMAKER Foot Pump¬Æ,4.128773728200975
43,Airtel,SAB KA SOLUTION ONLINE,4.474825226140932
44,Ajay Devgan,Pritam Music Pvt. Ltd.,3.4339588414396287
45,Akshar Chem,Rotz¬Æ,3.898341044357317
46,Akshay Kumar,shopping24x7,4.305105779095482
47,Alden Ehrenreich,Music&more,3.769486240219164
48,Alexvyan,AlexVyan_Brothers,2.936128841648834
49,Alfisha,alfisha,2.7280991757864843
50,Alia Bhatt,RADIO & GRAMOPHONE HOUSE,4.018325050347077
51,Alice,A B MUSICAL STORES & ACCESSORIES,4.463589392984546
52,Alicia Souza,Futurewagon Private Limited,4.0817964090686845
53,Allin Exporters,Bazzar 4 Deals,3.3947913569677226
54,Allxpert,Brands at Discount,4.162859920358986
55,Amazon,4 U Marketing,4.041929364043033
56,Amazon Pay,QwikCilver Solutions Pvt. Ltd,3.6774928651665055
57,AmazonBasics,Cloudtail India,3.4395461072518017
58,Ambi Pur,amit car accessories aurangabad,4.098183901648602
59,Ambrane,coverReady,4.630358097259324
60,American Tourister,Gulati marketing Corporation,4.127474320630768
61,Amitabh Bachchan,World Motion,4.426436737674697
62,Amitabh Bachhan,shopping24x7,3.844303205365919
63,Amjad Ali Khan,Pritam Music Pvt. Ltd.,3.5265518590239835
64,Amkette,Game X,4.112307766389059
65,Amy Poehler,Music&more,3.455526487522569
66,Angelina Jolie,Smart Buy Movies,3.998713421664711
67,Anker,Flash Distribution,3.742193321827342
68,Ant Audio,Appario Retail Private Ltd,4.138834473054732
69,Antony Starr,Excel Innovators,3.603038411243527
70,Anycast,mayur    traders,3.4074768537256612
71,ApTechDeals,ApTechDeals¬Æ,3.2552554760218135
72,Apple,Appario Retail Private Ltd,3.6066053224635977
73,Apsara,DTL Company,4.311979144681821
74,AraNxt,Lakshita Shop!!,3.882265794011285
75,Aristocrat,GoTo Style Mart,3.869911826791802
76,Arlo Technologies,Cart2India Online,2.397141457744161
77,Artis,Appario Retail Private Ltd,3.661784887725392
78,Aruna Sairam,Amutham Music Private Limited,3.3750919751420905
79,Asitis Nutrition,My Nutra Mart,3.722809907298157
80,Assembled Desktop,SSD Enterprisess,4.135390539958762
81,Asus,Online IT World,4.528800622756009
82,Aurodo,AURODO,2.3020748115194483
83,Authtentic,INDIAS HEART,3.518195676407661
84,AutoTrends,Oero Pvt ltd,4.266255464306928
85,Autofurnish,Autofurnish India,3.3328749469809864
86,Autofy,Cloudtail India,3.512066149804907
87,Autopearl,FabSeasons,3.716275234960386
88,Autosol,Cloudtail India,4.038615482304106
89,Autosun,24X7 SHOPPING ONLINE,3.4285888665237074
90,Autowizard,ogre,4.097471272662121
91,Aveeno,Shrinika baby house,4.4430840304041705
92,Axxeum,AXXEUM,3.916793914986593
93,Ayushmann Khurrana,RADIO & GRAMOPHONE HOUSE,4.134543065534634
94,BEE,Music Tycoons,3.2553379047869773
95,BIPM,VSS Inc,4.2574984608680175
96,BLACK+DECKER,dealerkart,4.035648654919095
97,BODYGRIP,Cloudtail India,3.10647168649748
98,BOGESI,Bhavans Enterprises,3.7611310466416286
99,BPL,Cloudtail India,3.359078619829428
100,BRANDONN,Brandonn Fashions,3.0619722414072252
101,Baby Bucket,Baby Bucket,3.443060682689394
102,Baby Dove,Cloudtail India,4.100818234335188
103,BabyGo,Cloudtail India,3.7418839945542497
104,Backpack,Innovegic Mart,4.199271048710288
105,BagsRUs,Bags-R-Us,4.179340414542485
106,Baijnath Premnath,Baijnath Premnath,3.570380755465843
107,Bajaj,ABR Trading Co,4.534358080117429
108,Bandai,# Global Hub,4.5853220795734915
109,Batman,Bioworld,3.974835693390468
110,Behringer,Ambience eCom,4.06202126719108
111,Belkin,Krishna Computers indore,4.071877460546472
112,BenQ,FastDealsIndia,4.433770707103284
113,Bethesda,GamesPlanetImpex,4.383487805915342
114,Better & Brighter Homecare,BBHCPL,3.2061602501464725
115,Bey Bee,Kharesiya Group,3.791439720698248
116,Bhimsen Joshi,Pankajtelevideocentre,3.2179219852863694
117,Bianyo,Stat&AR,3.9374735963990766
118,Bigsavings,Prime-Global,4.299237553475138
119,Bikestuff,AANCHAL INTERNATIONAL - Genxtra¬Æ,4.258830643693779
120,Biotique,BEAUTY WARE HOUSE,4.416137621159832
121,BitDefender,Arham World,3.5982912939574248
122,Bizarre Vogue,PRAKASH GARMENTS,3.6600223264915503
123,Bk,A-Sky Retails,3.64220106833784
124,Blackt Electrotech,B patel and brothers,3.886229135691502
125,Blossoms,market king,3.8095370548708654
126,Blue Star,Voltas shoppe,3.2100177373975525
127,BlueRigger,BlueRigger India,3.7523344209600435
128,Blueair,ModernStores2017,4.018874447046514
129,"Bluehole, Inc./SIEE",CPSTORE,4.134050053112649
130,Blufury,DB & CO.,3.4016552607337465
131,Bmax,Rapidora.,4.031874400612113
132,Boat,best_buyaxz,4.145038447456677
133,Bobo,Colorpur,3.7701019667562847
134,BodyBand,Jungleaid,4.476484443432597
135,BodyFit,BodyFit Gym,3.677260069373745
136,Bombay S.Jayashri,Inreco,2.455440225563207
137,BookMyShow,Stellr India,3.377348512795123
138,Borosil,Novelty Smart Kitchen,4.420190014725437
139,Bosch,Apex Retail,4.484487137597597
140,Bose,# Global Hub,4.339460665313541
141,Boult Audio,Appario Retail Private Ltd,3.3100413109059037
142,Boya,Roy Imaging,4.34431553466551
143,BreatheFresh,Breathe Fresh,3.0323836438230107
144,Brother,ShopForBest,4.160879396181989
145,Bufferman,Rhythm Divine,4.188194876786065
146,Bulfyss,Bulfyss¬Æ - What You See Is What You Get,2.9661365663387285
147,Burnlab,Burnlab,3.9962657925234235
148,Butterfly,"""SHOP 24""",3.5979558680364625
149,CABLEGALLERY,CABLE GALLERY,2.7161060598769127
150,CAM 360,Universal Store Shopping,4.26974324061062
151,CAPTAIN AMERICA,Bioworld,4.115468716032956
152,CERO,CERO CARE PRODUCTS LLP,3.150257549035405
153,CHANCY,CHANCY,3.723230252090243
154,CHAND SURAJ,Carry On Fashion Store,3.1691810903730824
155,CHEVIK GET ADDICTED,CheVik,4.00347007079181
156,CHOOSTIX,Winsome Pet,4.281726458645997
157,CHRONEX,Chronex,2.6414922079009955
158,COSMUS,COSMUS BAGS PVT. LTD.,3.7659789067896554
159,CP Plus,Security System n Solution,4.334874310038097
160,CRUST,Crust¬Æ,3.111026649941825
161,CVANU,Eshoppinghub,3.6930383297168623
162,CW,CW96,3.881607141619431
163,Cable World,Cable World IT¬Æ,4.350291882700022
164,Callas,Meera-Enterprises,3.511042096408475
165,Camel,Akash Enterprisess,4.345211588143193
166,Camlin,Akash Enterprisess,4.1505983358606295
167,Canon,Original cartridge store,4.893068200426682
168,Capcom,GamesTradeDelhi,4.833583735236432
169,CarSaaz,Cloudtail India,4.595330083503676
170,Cardio Max,JSB Healthcare,3.196427108228621
171,Carrier,Voltas shoppe,3.9069656019794494
172,Casa De Amor,Casa De Amor (TM),3.0498146412787093
173,Casio,MUSIC CRAFT,4.189295563659184
174,Cello,kitchenette World¬ÆüáÆüá≥,4.64349360241769
175,Central,GCI Network Private Limited,4.329788711189074
176,Cetaphil,Cloudtail India,4.6478721041371465
177,Chappi,Pets Kingdom,4.577816076625852
178,"Charlize Theron, Vin Diesel Dwayne Johnson Luke Evans",Reliance Home Video & Games,3.7484491349104307
179,Chicco,HUB MART,4.08575407087916
180,Choice homes,J.S.R TEXTILES,3.689373114055391
181,Chris & Kate,Chris and Kate,3.4003830677728604
182,Chris Evans,Music&more,3.634737159789845
183,Chris Hemsworth,Excel Innovators,3.42901791098316
184,Classmate,NTCmark,4.476442478319447
185,Cloth Fusion,L.R.S (INDIA),2.8008429590727117
186,CloudWalker,Cloudtail India,3.2880233958940233
187,Clublaptop,Storin¬Æ Electro World,4.242760499342678
188,CocoMoco Kids,CocoMoco Kids,4.0796075255865265
189,Codemasters,GamesTradeDelhi,4.672486451057628
190,Commlite,Soham Inc,4.378578245584167
191,Contacts,REPL Retail,3.71932083949816
192,Cooler Master,NEWTECH inc,4.104104714207538
193,Corsair,KIDA Retail Private Ltd,4.655150866162859
194,Cosco,The Prime Mall,3.9112551465741694
195,Cosmic Byte,Edinms Technologies,4.212417258448115
196,Cost2Cost1,Cost 2 Cost1,3.895472748778271
197,Coway,"Authorized seller: Kuvings, Coway & Mealthy",4.2444327927177
198,Cpixen,Cpixen¬Æ,3.3293154705465025
199,Crazy Sutra,Crazy Sutra,4.221782295518368
200,Creative's,Cloudtail India,4.035056940930582
201,Croma,Woohoo,2.957003640786158
202,Crompton,Cloud Business India,4.384662406129968
203,Crompton Greaves,AMAZINGDEALS4EVER,4.016184397379335
204,Cross,Whole9Yards,3.2289857577730507
205,CrossBeats,SellBrite Digital,4.52527405599238
206,Crucial,AIIPL_BLR,4.298215315358976
207,Curveit,CurveIt,3.3843391665807907
208,D'Addario,A B MUSICAL STORES & ACCESSORIES,4.2850033675182635
209,D-Link,besteshop,4.416813020087433
210,D3D,D3D SECURITY PVT.LTD.,3.616874435688264
211,DAHSHA,Dahsha Enterprise,3.1315780980046166
212,DCG pac,NTCmark,4.511389166878826
213,DEHMAN,MPG GROUP PVT LTD‚Ñ¢,3.455202272508132
214,DEIN KLEIDER,Dein Kleider,4.556799268372463
215,DEVMA,divyansh enterprises ‚Ñ¢,3.4589901213231515
216,DFS,VIJAY VALLABH (ROYALS),4.117889908843208
217,DHAGAN,Nallu Infotech,3.7628342118468128
218,DHWANI ENTERPRISE,DHWANI ENTERPRISE,4.511389166878826
219,DIXON,Cloudtail India,3.2443869652466018
220,DMC,Shop Your World Store,3.346198781956756
221,DMR,Lakshmi Electronic,3.4016552607337456
222,DOCBEL-BRAUN,Shri Navkar Surgi Trade,2.6242818163521235
223,DOCOSS,QUALITY TEAM-AMZ,3.3421371154571133
224,DRUMROAR,ZAPTIN ENTERPRISES,3.798670925468078
225,DSC,Cloudtail India,3.454333477783589
226,DZert,RUSHI ENTERPRISE,2.7800072688711506
227,Dahua,MPS PVT. LTD,3.5994771906089627
228,Daikin,AT ‚úì prime distributors,4.236070371004386
229,Dash,Valentino N,2.170019696590541
230,Datawind,Bestbuyindia,3.5828391339113708
231,Deal Especial,Leather Retail,3.2473963709294154
232,DealBindaas,SPORTSCOLOUR,3.942965055290645
233,Decathlon,AVS RETAIL,4.469355040720905
234,Deep Silver,GamesPlanetImpex,4.382541420441166
235,Dell,RAHUL COMPUTECH,4.366114359093837
236,Delsey,Cloudtail India,3.4077227918229407
237,DeoDap,gayatri mobile house,3.519817542422799
238,Desktop Hub,Desktop Hub,3.1655419883347604
239,Deziredeal,SHREE KANHA TRADERS,4.085110504189982
240,Die Hard,Die Hard‚Ñ¢ Collections,2.9085841690837664
241,Dilip Kumar,RADIO & GRAMOPHONE HOUSE,2.267092544200345
242,Discount Retail,Discount Retail,3.760665758339288
243,Dish TV,skyenterprises2020202,4.434616195077764
244,Disney,LSSales,3.85029243791508
245,Divine Casa,Cloudtail India,4.2245142900970825
246,DivineXt,Metro Enterprise,3.1868615339747715
247,Docooler,FURBUP,3.9973425570759935
248,Dr Trust,NurecaInd,3.770987321650746
249,Dr. CHARCOAL,AHPL,3.679755012213748
250,Dr. Copper,Dr.Copper,3.646658285793532
251,Dragonwar,TOTAL MOBILE AND GAMING,4.320540825387898
252,Dragonwar Emera ELE-G11 Gaming Mouse (Black),Appario Retail Private Ltd,3.1655419883347595
253,Dronean,Tokari Wala,2.898316306843116
254,Drools,Pets Kingdom,3.9951782345444418
255,Drumstone,TWOGOOD ENTERPRISES,3.795413570754136
256,Duckback,B L RUBBER INDUSTRIES PVT LTD,3.604614566397513
257,Dussledorf,RnR Incorporation,3.0991578147427186
258,Dyson,Dyson India,3.521803663118406
259,EASEZAP,Aaj Jio,4.130415209238122
260,EASY BREATHER,SHAYONA CREATION,4.142553318993834
261,EGate,Appario Retail Private Ltd,3.673097487595863
262,ELLONIA,Ellonia,4.146893448766654
263,Eagle Eye Gadgets,Tobegift,3.7883166042460017
264,Ealth Kart,suraaj fashions,3.5130663214637634
265,EasyHealth,EasyHealth,3.12161502576764
266,Ebee,Ebee¬Æ,4.2588939624426505
267,Einstein Box,Cloudtail India,3.435747284350532
268,Electomania,ELECTOMANIA¬Æ,3.7602567290000803
269,Electrobot,M-TECHNO,2.9448542450359905
270,Electronic Arts,Geek-O-Tech,4.6048205386439305
271,ElectronicsArtGalleryEAG,TryoKart,3.478815490140081
272,Elements,Acharya Ayurveda,2.18036065424508
273,Elevea,Elevea‚Ñ¢ Elite Shope(1Year Warranty Promise),3.3618252489892497
274,Embroco,VIJAYSHEELA TEXTILES,2.589859692556618
275,Embroiderymaterial,Eagle Network Supply Pvt. Ltd.,3.3435326170317463
276,Energy Sistem,Gadget House India,3.450100024057844
277,Enraciner,Premium-Design,2.9108133685752406
278,Envent,Sujav Consultants,3.249566154577206
279,Epson,T M S,4.345211588143193
280,Epson originals,ONLINE ALL IN ONE SHOPPE,4.542788062870205
281,Eureka Forbes,KK eStore,3.8286442836153305
282,Eveready,A..S,4.332492235511786
283,Everycom,Everycom Electronics,2.9094369630923804
284,Ewan McGregor,Excel Innovators,4.029067916291953
285,EzLife,click.n.save,3.4046371180131936
286,Ezee,HR ENTERPRISES.......,3.3512954452623926
287,F Gear,F Gear,3.582143371573721
288,FASTPED,jayaswal marketing,3.665339388759243
289,FD,Meera-Enterprises,3.2265538904144813
290,FINICKY-WORLD,FINICKY-WORLD,3.2790670044099532
291,FIT PICK,Shorey YogAyush,3.07781275776365
292,FORESTONE,ZAPTIN ENTERPRISES,4.120922217051306
293,FREDI,ElectronicsArtGalleryEAG¬Æ,3.4278943248157248
294,FREDI HD PLUS,FREDI HD PLUS,3.9574463710667795
295,FREEMANS,Ekart4u,4.191245704137208
296,FULLY,Fully¬Æ,3.9138274850120585
297,FUR JADEN,FUR JADEN,3.655753487820312
298,FUSION5,Fusion5 Tablets,3.8121268855211854
299,FabSeasons,Cloudtail India,4.372130988609314
300,Faber Castell,Rohit enterprises2196,4.480224841676558
301,Faber-Castell,komagal Private Limited,4.380145969331883
302,Familykart India,Familykart,3.793684183780531
303,Fansport,Fansport,3.2360231600428153
304,Farraige,Farraige Official,3.6379280978665016
305,Fashion World,Fashionn World,3.4650808558286568
306,Fastrack,Cloudtail India,3.4392143780824
307,Fdp,VTECHCOM,3.6924789094092
308,Fendo,Avon Lifestyle pvt ltd,3.500539689446274
309,Fergal Reilly,Pritam Music Pvt. Ltd.,4.640866501386018
310,Finer,finer enterprises,2.977435946296267
311,Fisher-Price,BABY STATION,3.725679660674518
312,Fitbit,ShopUSAIndia,4.135390539958762
313,Fitkit,vikhu enterprises,3.8741995517692582
314,Fitlethic,Evizo Direct,3.5167197727517223
315,Fitster5,White Label Ventures LLP,2.955923126897872
316,Fitsy,AND Retails,3.7158200673382384
317,Flash,VictorryHobbies,3.0637078416384536
318,Flintstop,Ambika Gems and Diamond,4.3817850063317865
319,Flow,Meera-Enterprises,3.0110694024751936
320,Foodie Puppies,Foodie Puppies¬Æ,2.7430451450378293
321,Formula 1,AuTo   MoTo,3.876943083205353
322,Foscam,price..perfect,3.9441031301896046
323,Foxin,QwickDeal Online Shopping Private Limited,3.709582098389493
324,Frantic,Frantic Trading,2.7006867003323056
325,FreshDcart,Freshdcart,3.621534586341742
326,Frizzer,Frizzer.,2.7516371522656584
327,Frontech,SHINEDEALS,4.235132424998429
328,Fuji,Bellstone Trading,4.797784338752253
329,FunKo,Cloudtail India,4.310516409242799
330,Fundoo Labs,Fundoo Labs,2.9249881065165715
331,Funskool,Kid's World India,3.9563615017153446
332,Funskool-Asmodee,M/s Gifts World,4.761713148843001
333,Fur Jaden,Cloudtail India,3.3919620267420405
334,Futurekart,Parijata,4.0135362349696235
335,GADGETS WRAP,SHOE HOME,3.1973891196288133
336,GANDIVA,VIKAS COMPUTER,3.6420430621448814
337,GIZGA essentials,iStuff365,3.82860341669098
338,GJ,Kasnox,4.049262462020265
339,GLEAM,GLEAM BAGS,3.6244389043778495
340,GLUN,E MALL INDIA,3.557812489126898
341,GM,Pilot Sports,4.278606614117058
342,GOCART WITH G LOGO,Gocart,3.0590958447843772
343,GODS,RoadGods,3.368566392241915
344,GOELECTRO,goelectro,2.452890100243035
345,GREAT MASTER,Aaina Enterprises,3.5657803552146534
346,GTC,Guruji Trading Company,4.0689592571020095
347,GYRONAX,WORLDWIDE IMPORTERS,3.4976959795270903
348,GZQNAN,AmazingShop,3.3253594043146286
349,Gadget Hero's,Gadget Hero's ‚Ñ¢,4.034698827163856
350,Gadget-Wagon,4V international,3.614163929600642
351,Gajraj,Gajraj,2.546712498443964
352,Gala,New Age Enterprises,4.003059873324588
353,Game of Thrones,Redwolf T-shirts,3.567015261607364
354,Ganesh,Rockingdeals,4.141504236094804
355,Garmin,Cart2India Online,3.8671514778705585
356,Gear,Bag & Bags,3.556104613564143
357,Generic,M MEGA MART‚Ñ¢,4.656629107576059
358,Generic (unbranded),AruTrade,4.7879841591597385
359,Generic Unbranded,FOOD AVENUE,3.7846389593181513
360,Genius Box - Play some Learning,LITTLE MILLENNIUM EDUCATION PRIVATE LIMITED,3.0581053476490117
361,Genric,look_new,3.622024910089003
362,Getko,BIGSALESINDIA,2.5415606436862985
363,Gigabyte,Lightning_Dealz,4.040558237341278
364,GoTrippin,GoTrippin,4.080669894770779
365,God Gift,Nimbose¬Æ,4.879932695268313
366,Godrej,KULDEEP CAR ACCESSORIES,4.420190014725437
367,Godrej Security Solutions,Security System n Solution,3.337455459641425
368,Godrej aer,Crozon,4.192507925313727
369,Goldmedal,Electrical Courtyard,4.462078240421729
370,Goodness,Sayon Overseas,3.354009114462811
371,Google,Stellr India,3.839960504829147
372,Gorilla,ENERSENSE,4.3019704683001265
373,Greeneye Technology,Greeneye Technology,3.3609075081190865
374,Grobag,ShopyStore,4.121795182810254
375,HARD KNIT,Rawat Shopping Store,4.454531038243537
376,HASHTAG FITNESS,HASHTAG FITNESS,3.1100358690945478
377,HIDE & SKIN,THE LEATHER SHOP,3.176509376105544
378,HM Digital,VoltsAmp,4.235323359138841
379,HOIN,Modern Equipments,3.740946729449488
380,HOKIPO,AND Retails,3.8685039876742175
381,HOLME'S,HOLME'S SHOP,3.8646726214561657
382,HOME CUBE,Kalptaru Trade,3.4962353253985516
383,HORNBULL,Blu  Horizon,3.359589655402056
384,HP,FTCPL,4.371115227412199
385,HTC,MICROMINI,3.6428925958011487
386,HTC Instrument,seller kart,3.939903515011513
387,HUILE,Bajaj - Shri Groups,3.989165661855136
388,Haier,Sigma Online,3.685059354226896
389,Halo Innovations,Shopstyle,4.132394309206111
390,Halonix,Paras Electricals,4.682900117892795
391,Happile,Saiar Creations,2.9602094185164813
392,Harikrishnavilla,VNV Elite Store,4.595330083503676
393,Hariprasad Chaurasia,JnY Entertainment,4.303215561748711
394,Havells,PRASHANT ELECTRICALS,4.0568652487807775
395,Hawkins,Patra Bhandar,4.495161368289282
396,Head & Shoulders,BAWATRADERS,4.7091711282095305
397,Heads Up For Tails,HeadsUpForTails,2.6315309738072528
398,Healthex,VanshEnterprises,3.811252859199679
399,Healthgenie,narang associates,3.4416661395278165
400,Helios,GCI Network Private Limited,1.790139034742095
401,Herbo Pest,BR Buildcare Solutions (Manufacturer),3.750163976938569
402,Hikvision,Security System n Solution,4.272080655565667
403,Himalaya,NumBrave,4.323175986659856
404,Hipkoo,HIPKOO SPORTS,3.6401309789055047
405,Home Bargain,HOME BARGAIN,3.2375778923634053
406,Home Pictures,M. S. TRADING CO.,3.553027007722648
407,Home Spa,Cloudtail India,3.4982313515435566
408,Homefab India,FreshFabrics,4.039576093084637
409,Honeywell,AcWalla,4.308351984182487
410,Honor,Meera-Enterprises,3.6420430621448814
411,House of Marley,Gadgetfreakz75,3.694256239723896
412,House of Quirk,HOUSE OF QUIRK,2.6296252850940416
413,Huawei,OMBUZZ SERVICES,3.6056173798341766
414,Huggies,Hitech Enterprises.,4.604087086942587
415,Hush Plug,The Moja Club,3.5854010810702004
416,Hynix,Aim Square,4.577816076625852
417,HyperX,Kiron,4.266479041918006
418,I Craft for Less,Shop Your World Store,4.7879841591597385
419,IBIZA,SHAYONA CREATION,3.277552718839165
420,IFB,Cloudtail India,3.6908026818912263
421,IFITech,IFIHomes,3.8156964384856096
422,IKALL,ONKƒÄR,3.442251162130182
423,ILARTE,The Paramount Trade,3.4456639215396603
424,INDISWAN,PARSHVA TRADING,3.1056415192333637
425,INLANDER,A2Z Retail,3.680685590123298
426,INOVERA (LABEL),R D Retail,2.914589149567078
427,IRIS,VARNI FASHION,3.9237969442045433
428,ISEE 360,ISEE 360,4.507760049114554
429,IShake,iShake,3.3347346173660535
430,Iball-Intel,SUFI ELECTRONICS,4.0473264198703065
431,Immunity booster,Sadguru Distributor,3.771767627988339
432,Impulse,Cloudtail India,3.437132386023507
433,In tel,Arnav Tradings,4.166702783788208
434,Inalsa,Khandelwal enterprises paota,4.185261482478596
435,India,INDIA ENTER,3.642165360985838
436,Indian Oil Corporation Limited,Woohoo,3.7075301899507416
437,Indian Riders,DealsMonk,3.234746219462592
438,Indian Stallion,Store108,3.293508550987527
439,Inditradition,Inditradition ¬Æ,3.828554881070796
440,Inditrust,Credence Industrial,3.894055656918949
441,Innersetting,Tobegift,3.6129735520043282
442,Insasta,A2Z E-Sales,4.0516775098401645
443,Intel,Kiron,4.225957985914833
444,Intern,Appario Retail Private Ltd,3.0274901538897234
445,Intex,YAMAMA,4.2814073742116365
446,Involve Your Senses,Car Store,3.862221947647256
447,Ionix,Perfect Sales India,3.068063910346459
448,Irrfan Khan,RADIO & GRAMOPHONE HOUSE,4.021065596067855
449,Isomars,ISOMARS,4.604087086942587
450,Ivaan,Bajaj - Shri Groups,4.672486451057628
451,Izoo,Izoo¬Æ,3.116495063195587
452,JAPSBAG,JAPSBAG,3.602689046679724
453,JASS HOME DECOR,Jass Home Decor,3.3623132737059507
454,JBL,TechCommerce,4.203889157745008
455,JK,Ravishing Variety,3.994178253980209
456,JMAGS,JMAGS,3.5097377673166235
457,JT,Shop Too Shop¬Æ,4.4056292170331375
458,JUAREZ,HRB Musicals,4.041213727696843
459,JVS,Hindustan Deal,3.3865556654558624
460,JY SUPER,Paykars,4.323175986659856
461,Jack Black,Smart Buy Movies,3.639799527182447
462,Jade Spade,Jade Spade,3.726778206935069
463,Jason Momoa,Excel Innovators,2.920497036463863
464,Jazz Fashions,JAZZ FASHIONS,3.41498364944638
465,JioFi,MAHALAXMI DISTRIBUTOR,4.2850033675182635
466,John Boyega,The Paper Palette,4.248003155132722
467,Johnny Depp,MUSIC N BEYOND,3.6287092141252617
468,Johnson's,A and K Enterprise,4.528439988134147
469,Jopasu,jopasucarcare,4.028127874137306
470,Jos Alukkas,Woohoo,3.0323836438230107
471,Joyalukkas,Woohoo,3.535667402811028
472,K London,K London,3.3324279106210732
473,K3,(Gadgets2use),3.8069136883952126
474,K7,Cloudtail India,4.1473745335163565
475,KABEER ART,Kb Traders,3.2902396198375614
476,KANISH SALES,KANISH SALES,2.071953684484952
477,KETSAAL,GLORIOUS LIVING,3.285115456072071
478,KEZRO,WaitRose,3.5400238029235087
479,KILLER,COSMUS BAGS PVT. LTD.,3.0222296181145465
480,KOUZI,RS SHOPPING,2.6891253616393462
481,KS,Fitness Hubb,3.5480322275196627
482,Kabello,Kabello¬Æ - Kanika Enterprises,3.22842582241163
483,Kadence,medley musicals,3.8849443672769213
484,Kaspersky,SHOPWITHCONFIDENCE,4.1944401601949375
485,Kelly Macdonald,Pritam Music Pvt. Ltd.,3.8377103651262927
486,Kent,Avni Enterprises,4.696035623051163
487,Kevin,Cloudtail India,3.795843011840812
488,Kimberly-Clark,Cloudtail India,2.398619732915606
489,Kingston,best_buyaxz,4.536787959267464
490,Kishori Amonkar,Pankajtelevideocentre,4.331457705130399
491,Klapp,A-Sky Retails,3.6198434887318367
492,Kobo,FINE KART,4.207772000493192
493,Kodak,Sigma Online,3.6269332463595867
494,Konex,Cpixen¬Æ,3.973791824936713
495,Kookaburra,Kanha Retails,3.19264594277478
496,Kore,Headly Fitness,3.5895397458653413
497,Kores,Ocean Communication & Systems,4.769144821564911
498,Koryo,Big  Bazaar,3.0275285583454625
499,Kotion Each,Game Addicts,3.7825461781709233
500,Kraptick,Muggles International,3.6014621225979804
501,Krazzy Collection,ElectronicsArtGalleryEAG¬Æ,3.0926243966649887
502,Krevia,KRIVA ENTERPRISE,2.394633064577616
503,Krisons,KESL,3.3226303486675155
504,Kuber Industries,Cloudtail India,4.39803319383957
505,Kurtzy,Kurtzy-India,4.007369876452984
506,Kusam Meco,EL-TRONICS,3.8977743296350793
507,LALA LIFE,SGL Store,3.1516368425949004
508,LEGO,Cloudtail India,3.751364195059329
509,LG,Great Indian Sale,4.32576854394018
510,LG ELECTRONICS INC.,Shyam Tech,3.916793914986593
511,LIOOBO,Goreitia,3.0629018838818327
512,LOOPAn,Ergode India,3.399236104805833
513,LORETO ‚Äì A QUALITY LINEN BRAND,Loreto,3.579047704823473
514,LTETTES,DACHINE,3.0279977390910027
515,LYCAN,Sia Ram,3.400758460815081
516,La Polo,bnwinternationl,3.3769216813448875
517,Lakme Salon,Woohoo,2.05354360523222
518,Lapcare,TPS Technologies,4.793128732856443
519,Laurels,Fine Line Retails,3.8514510677027203
520,Le Gear,Deep Gallery,4.153891854423837
521,Leaf,Appario Retail Private Ltd,4.013839486351847
522,LeeRooy,FSNSTORE,4.240565912979623
523,Leegoal,niceeshop,2.5894266343566366
524,Lenovo,ADVANT,4.428664392327682
525,Leverage,Leverage Science And Technologies Limited,2.7498572625886477
526,Li-Ning,Power fit,4.622287045607733
527,Lifeline,GymMart(Fit-N-Fine Fitness),4.1420475604920135
528,Lifelong,GoTo Style Mart,3.1655419883347604
529,Lifestyle,Woohoo,3.7979664029789455
530,Liolis,Liolis,3.1592264994939336
531,Lista,Schrodinger15,4.4998614803168895
532,Litake,Youth store.,3.8406049319588673
533,Little Pumpkin,The Baby world,3.5713611992953425
534,Little's,APG_ONLINE_2015,4.163999804324625
535,Littly,Cloudtail India,4.061053570532389
536,Liverpool F.C.,GoalSquadShop,3.005557610549133
537,Livzing,Livzing,4.075816295540012
538,Lloyd,264,3.5280718026085163
539,Logitech,National-shoppe,4.5372800829679205
540,Lolin NodeMCU,Pritroniks Technologies,4.463589392984546
541,Lotus,PARVEEN STORE,4.369948848156303
542,Lovely Arts Collection,Hasan trading,4.177705201714299
543,Low Price,SD TOP QUALITY,3.539713299223225
544,Lunar's,PAZZO,2.843320429017897
545,Lutyens,SSN ENTERPRISES,3.437949209708063
546,Luvlap,HYGIENIC DIAPERS,4.604087086942588
547,Luzon Dzire,UNITED. BROTHERS,3.9230438328703623
548,M-Techno,M-TECHNO,4.4039909774262895
549,M.Chandrasekharan,Pritam Music Pvt. Ltd.,3.744069204477716
550,MAA-KU,Star Peripherals,4.050231908038439
551,MANTRA,Nash Convergent Solutions,4.356961370544756
552,MAONO,Appario Retail Private Ltd,3.6471936226680084
553,MARINE PEARL,Marine Pearl,2.901371418808772
554,MCP,VIJAY VALLABH (ROYALS),3.0150540435468733
555,MChoice,Shopstyle,2.9022427544257634
556,MEXTECH,DE Retail Inc,3.910957731635695
557,MILTON,CKB CREATIONS,4.588324480752546
558,MK,flmas,4.203267942915544
559,MOM'S HOME,GreenWood Organic & Bamboo clothing,3.192757702073359
560,MOUNT TRACK,Fair Deal Traders,3.709386984075853
561,MPRT,MpkrtRetailNet,3.2130166045056434
562,MRF,Agarwal Sports Industries,4.7091711282095305
563,MStick,MoMaSa,4.250688166278189
564,MUFUBU,Mufubu,4.21715121497648
565,MUSTANG,Music Tycoons,3.565406901748215
566,MY 60 MINUTES,Grooming Kart ¬Æ,3.6888414352193792
567,MY SHAKE,Tara Traders,3.8114393548095564
568,Magideal,Cyruss,4.0322549388477
569,Magna Tiles,iBhejo,4.2556899498084375
570,Mahanandhi web services,MAHANANDI WEB SERVICES,3.262613882757724
571,Maharaja Whiteline,Cloudtail India,3.8856995249066912
572,MakeMyTrip,Woohoo,3.005536748605973
573,Mamaearth,BEST FOR BABIES,4.53173006655347
574,MamyPoko,MOMAI ENTERPRISE,4.64349360241769
575,Manchester City F.C.,GoalSquadShop,3.2352989834850376
576,Mandhania,Laddu Gopal Poshak,4.017357310068881
577,Mappo,krishnaa sales,3.976774151419737
578,Mark Hamill,Excel Innovators,3.3765014947536063
579,Mastech,Premium-X,3.862564837212047
580,Max Secure,Six Etail,2.9946133237020214
581,Max2100,Fitness Hubb,3.804517131219148
582,Maxcore Technologies,Maxcore Technologies¬Æ,0.6297762763728869
583,McAfee,TOPSPOT,3.5370237361715278
584,McCoy,AMAZINGDEALS4EVER,2.9460266775434363
585,Meat Up,Sigma Online,3.09052600011458
586,Meco,Instrukart Holdings,4.212322082041259
587,Mee Mee,Ravaana,4.2066506865232025
588,Metro,RHIME,4.086324699666706
589,Meya Happy,Meya Happy¬Æ,4.441395533085167
590,Mi,CaymanSquare,4.052121393651404
591,Michelin,TheMichelinShoppe,4.018730695111518
592,Micromax,Appario Retail Private Ltd,3.746985416963492
593,Microsoft,TOTAL MOBILE AND GAMING,4.4760981476922606
594,Milestone,Cloudtail India,3.46193122034042
595,Milestouch,Kitchenking,3.9456008907133975
596,Mitashi,Appario Retail Private Ltd,3.639056934392396
597,Mivi,Appario Retail Private Ltd,3.5919039391184717
598,Mobias Retails,DSK Collections,3.5115931328070102
599,MobileGabbar,FOOD AVENUE,4.019187834822005
600,Mohit Chauhan,Pritam Music Pvt. Ltd.,3.969786340231358
601,Mohit Raina,Pritam Music Pvt. Ltd.,3.6263693307285583
602,Monitor,Madaan communication,4.090211288334852
603,Morphy Richards,A.E.I.M CORP,4.700414124770618
604,Motorola,Appario Retail Private Ltd,4.070518843086791
605,Mototrance,Cloudtail India,3.05496888505252
606,Munchkin,iBhejo,4.2834204920687595
607,MuscleXP,Emmbros Overseas,3.9812406583997633
608,My Shaldan,theWinkel,3.8748803386427526
609,Mystique,Cloudtail India,2.8298009181495174
610,N Choice,N Choice Bags,3.491841542944192
611,NETCO POWER,Heega Sports,4.369297600361905
612,NIRLON,Rockingdeals,3.77338422557113
613,NISHICA,PUSHBRITE,3.648602008887004
614,NISUN,NISUN INC.,3.4537151197205453
615,NIVIA - - Step Out & Play,Cloudtail India,3.2958468794563736
616,NOVEX,Novex,3.5710353640092167
617,NOVICZ,Avenue Overseas Private Limited,4.450385120119852
618,NPRC,NPRC,3.3938146813286694
619,Namco,GXC,4.446950253207304
620,NeedyBee,NeedyBee,4.408976534303108
621,Nestle,G-Mart Store,4.388853512451696
622,Netgear,MSN Enterprises2015,4.3940510921884535
623,New World,chamunda enterprises,3.825179965158752
624,Nice Line,Nice Line Bags,2.890229561591102
625,Nikon,BRAND W0RLD,4.511389166878826
626,Nilvarna Handicraft,Nilvarna Handicraft,3.336582098260873
627,Nimble House,Nimble house,3.9647931729034136
628,Nivia,Genuine Sports Guaranteed,4.502756047149464
629,Noise,Meera-Enterprises,3.836619243689815
630,Nootie,Cloudtail India,3.4789787454105894
631,Nova,Cloudtail India,4.042753629989822
632,Nu Republic,Gadget House India,3.7264069835272737
633,Numlock,Cloudtail India,4.3642709994539635
634,OCIAL,RHMART‚Ñ¢,2.9988657638186473
635,OMOTON,OMOTON Mall,3.8631665623652207
636,ONLINE MONK,Online Monk,2.7066446040483765
637,OOZE,polaccessories,3.377348512795123
638,ORICO,DKonline,4.219431878466768
639,ORPIO (LABLE),Vyson,3.356286445783581
640,OSE,Myhealthycopper,4.630358097259324
641,OULII,IROBOTBOX,3.5370938184214373
642,OceanSky Brand Store,DIGI POINT,4.672486451057628
643,Oddy,Inditradition ¬Æ,4.256031974338141
644,Okayji,Okayji,3.4333217780885983
645,Ole Baby,Mani Sales,2.397731714999476
646,Ollmii,eStofers¬Æ,3.7057688376106888
647,Om,om surgicals.,3.7105200443954502
648,Omron,Exborders,3.5209269791704516
649,Onida,Cloudtail India,3.777281224059661
650,Ontel,MyKart99,2.843431150420217
651,Ontime,Zollyss¬Æ,4.814255169476473
652,Orient,Noor Enterprise873,4.266479041918006
653,Orient Electric,BUSINESS PEOPLES,4.343137806708424
654,Origami So..Soft,origami So soft,4.180146755391191
655,Orpat,24X7 SHOPPING STORE,4.387805844138828
656,Oscar,Kejriwal Electronics Ltd,2.8114457001493833
657,Owen Wilson,Music&more,3.479066630301451
658,Ozoy,Ozoy¬Æ,3.3872068438141
659,PAPER PLANE DESIGN,One n Seven Crew,3.9568096254494898
660,PARADOX (LABEL),Paradox India,2.689512862315857
661,PCS SYSTEM - Battery Airtel E5573s,-TOS-,4.011003146157041
662,PEEBUDDY,Cloudtail India,3.4925755472185336
663,PH Artistic,PH Artistic,0.9857181085877199
664,PITZO,PITZO ONLINE,3.0912366666405315
665,PMW,Rock world,4.385870270085279
666,POLE STAR,POLESTAR-BAGS,3.5126806503370487
667,PORTABLEWASH,Cinopera Technologies LLP,3.5825303389362486
668,PROCUS,Miracle Retail,3.0190177357696477
669,PROKLEAR,Cloudtail India,2.92466316079794
670,PUREPET,Cloudtail India,3.339513024590937
671,PVR Cinemas,Woohoo,2.3888952475134344
672,Pampers,Hitech Enterprises.,4.165088944339233
673,Pampers Premium Care,Cloudtail India,3.8963446932276673
674,Panasonic,BestStore2018,4.371115227412199
675,Pandit Nikhil Banerjee,Pritam Music Pvt. Ltd.,3.905718743818348
676,Pantaloons,Woohoo,3.260335770578643
677,Pantene,Cloudtail India,4.560302069748029
678,Pardzworld,PARDZWORLD,3.3155739647751243
679,Park Avenue,Beautykart,4.0417866108578036
680,Parker,Printdoot Corporation,3.934027369069336
681,Paul Rudd,Pritam Music Pvt. Ltd.,3.8714516609425162
682,Pedigree,Shake Hands My Pet Store,3.8853074880302696
683,Pepperfry,Woohoo,4.189194598521219
684,Pet Wholesale,A and D TRADERS,3.1625778897280186
685,Peter England,Cloudtail India,3.6848881914863263
686,Pets Empire,SKI Group¬Æ,3.8672282781895047
687,Phenovo,Deals Sea,3.717088788375445
688,Philips,STAR EMPIRES,4.814255169476473
689,Philips Avent,Juniors Junction,4.724933734399571
690,Philips Lighting India,A ONE ELECTRICAL AND HARDWEAYR,4.204674447261537
691,Photron,TigeRetaiL_SLP,3.791716661136857
692,Pigeon,Sri dattganapathi agencie,4.341155160729223
693,Pigeon by Stovekraft,BestBuy Mart,4.7879841591597385
694,Pilot,Vinod Stationers,4.180140218068127
695,Plantex,Planet India,3.559439665955458
696,Play,Advance Projector Inc,3.5567986348660763
697,Play Panda,Play Panda,3.783166645219058
698,Polk Audio,Appario Retail Private Ltd,2.502542497983544
699,Porro Fino,SUNNY LIGHTS,3.7129308986824
700,Portronics,rjsales,4.179964563730079
701,PowerMax Fitness,Powermax Fitness India Pvt. Ltd.,3.5905638964449373
702,Powerpak,eValuemart¬Æ,3.72727766291252
703,Prabhas,Music Corner Chandigarh,4.564680571467484
704,Prana Air,Prana Air,4.03548200655412
705,Preethi,Olympia Electronics SLP,3.676958645898879
706,Premier,Acme Mart,3.5722832633437736
707,Prestige,lowprice bazaar,4.176041502816754
708,Presto!,Cloudtail India,3.1966502631125335
709,PrettyKrafts,Pretty Krafts,2.631453370405193
710,Princeware,Sigma Online,4.130237322872311
711,ProElite,Meera-Enterprises,4.109008174346639
712,ProQ,Elektromart,3.5155904173426964
713,Probiker,FYLFOT POINT,4.420190014725437
714,Probus,Shopizone,3.887416748700298
715,Prokick,The Prime Mall,2.5019103419146327
716,Protokart,Protokart,3.8336994676777807
717,Protoner,Sports Hubb,3.6242997343296333
718,Pt. Ajoy Chakraborty,Pritam Music Pvt. Ltd.,4.378968226150285
719,Pt. Bhimsen Joshi,Pankajtelevideocentre,4.472732035358908
720,Pt. Kumar Gandharva,The Paper Palette,4.223811102201379
721,Pt. Rajan,Pritam Music Pvt. Ltd.,3.3258676489240813
722,Pt. Shiv Kumar Sharma,Pritam Music Pvt. Ltd.,3.701446007821056
723,PumPum,Sogani Coir Foam,2.9501131048099816
724,Puma,Cloudtail India,3.16471826759342
725,Punnkk,Punnkk,3.6213744940912456
726,Pureit,India INC.,4.015769814193317
727,Purify+,AprilIndustries,3.7858910081402817
728,QFX,QFX9,3.352162652392248
729,QUEEN EXPORT,Accord Exports Co.,3.508521288123228
730,Quace,Quace Solutions,2.074967404671134
731,Quantum,Radhasoami Enterprises,4.023549062642715
732,Quastro,Jha&bros FREE Additional 90 days Warranty services,2.485900335650725
733,Quechua,Cart2India Online,3.8101446097621423
734,Quick Heal,Unique enterprise  mittal house,4.218508342471717
735,R for Rabbit,The Baby world,3.0294872566855315
736,R-tek (DEVICE),Tetromine,4.059365073213386
737,R.K.V.,Rockfield,3.9767421973311943
738,RASCO,RASCO SPORTS,3.0034169561465465
739,RASON,ALKA SHOPING,2.8656646102555765
740,RED CHERRY,kookaburra india,3.9204650194334625
741,RESONATE,Appario Retail Private Ltd,3.600132000498206
742,REWY,Pados Ki Dukaan,3.884921339899801
743,ROBUST,Cloudtail India,4.612844090381499
744,ROCKETKART,ROCKETKART,3.274931864246763
745,ROHIT BAL,Spicestyle Powered by SpiceJet Ltd.,3.9068128763061236
746,ROLLTOP,ROLLTOP,2.7955008815966393
747,RPM - Euro Games,RPM Enterprises,3.193980857073633
748,RS Home Furnishing,RSFurnishing,3.87092989070638
749,RUATAM HANDICRAFTS,RUSTAM HANDICRAFTS,3.141180709911916
750,RUBX,Cloudtail India,3.1788630303746244
751,RYAN OVERSEAS,BSD ORGANICS,3.502322081349681
752,Racold,AK.Enterprises0612,4.2934757006028015
753,Radhika Apt,JnY Entertainment,4.117337965354562
754,RainSound,guru nanak sales,3.8050122008823606
755,RajasthaniKart,Cloudtail India,4.074714655030897
756,Rakesh Chaurasia,The Paper Palette,4.203267942915544
757,Rally,Sigma Online,4.0604658834924985
758,Rami Malek,MOVIEZONE,4.4552180284810845
759,Ranbir Kapoor,Pritam Music Pvt. Ltd.,3.9381825255660887
760,Ranveer Singh,MOVIEZONE,4.472732035358908
761,Raspberry,FactoryForward,4.212417258448115
762,Raspberry Pi,ORBKART,4.320540825387898
763,Ravensburger,iBhejo,3.939011619194728
764,Ravi Shankar,The Paper Palette,3.7664668450789813
765,Raymond,Woohoo,4.028097314342416
766,Reach,GERMAN INTERNATIONAL,3.296877298293573
767,Realme,Appario Retail Private Ltd,3.718246970705376
768,Recron Certified,Rising Sparkle,4.514873486212167
769,Redgear,Appario Retail Private Ltd,3.9296958677074425
770,Redragon,Peach Imports,4.689464879446239
771,Reelay mee,Absolute e Solutions,3.7660965310732033
772,Reglox,ShoppersTree India,3.922117491008534
773,Regor,Appario Retail Private Ltd,3.7029452412132096
774,Reliable,Reliable Accessories,4.682900117892795
775,Reliance,Woohoo,3.9094850173496902
776,Reliance Digital,Woohoo,3.567493394781582
777,Rewy,Shop Now (REWY),3.0570901191213204
778,Rewy Generic,krishnaa sales,3.9237969442045433
779,Rhobos,Premium-Design,3.099172300405008
780,Ridata,Appario Retail Private Ltd,4.302704677324452
781,Rite Clique,Rite Clique,4.717928131648443
782,Rizzer,SHARP HEALTH SOLUTION¬Æ,3.8472442852163513
783,"Rk Shrikathan,M.Balamuralai Krishana,Bombay s Jayashri,Aruna Sairam,Sudha Raghunathan,Nithyashree Mahadevan Maharajapuram V shantaram",Pankajtelevideocentre,4.088032849964614
784,Robert Downey Jr,Music&more,4.0658471034013735
785,Robert Pattinson,MUSIC N BEYOND,4.255599399720959
786,Robustrion,Rush4toys,3.39091833240604
787,Rockbros,AMARDEEP CYCLES,3.74908059622842
788,Rosset,Rana Trader,3.6901657391357015
789,Royal waves,Shri Vinayak sales,3.814820070122779
790,Royallite,The BalajiFab,3.790107725577588
791,SAFESEED,Parijata,4.535782460119074
792,SAFETYNET,IndiaMart Electronics¬Æ,4.2352223940008775
793,SAI INTERNATIONAL,Metro Mart India,4.761713148843001
794,SAISAN,True Beats,3.304618667477044
795,SAMPLUS MALL (LABEL),DESK FLAIR‚Ñ¢,4.516517052553468
796,SAREGAMA,AQUA SALEs,4.217242110154377
797,SARFUDDIN flutes,SARFUDDIN FLUTES,3.7259453745896036
798,SASSIE,SSN ENTERPRISES,2.9877591102219982
799,SCEPTRE,ecommerce solutions,3.3100413109059037
800,SEEKU,SEEKU,2.943915420374772
801,SELPAK,Decent Exim,4.22678057571302
802,SFK,Stylish Flip Keys,2.6615547880502315
803,SG,Kosmic Square,4.6653861110149695
804,SG Musical,A B MUSICAL STORES & ACCESSORIES,3.82602900913575
805,SHOPATRONES,SHOPATRONES ENTERPRISES,2.589809785128293
806,SHOPPOSTREET,SHOPPOSTREET¬Æ,3.5316700664283145
807,SILTON,RHMART‚Ñ¢,3.4954475504486577
808,SJCAM,OVIO,4.158355474978223
809,SKYSE,RHMART‚Ñ¢,3.6976525432385374
810,SLB Works,SLB  PRODUCTS,3.264202068891402
811,SMT,S S T,3.77822684721388
812,SNDIA,Xoopack,4.308351984182487
813,SOFTSPUN,softspun,2.859434345700976
814,SPAR,Woohoo,4.189194598521219
815,SPL,SHOPON-STORE,3.2816703367082334
816,SPORTLAND,Shiv shakti Traders,4.287915631530028
817,SPORTO FITNESS,SPORTO FITNESS,3.610912166584983
818,SPYON,SPYONSTORE,3.738131310637863
819,SS,Cloudtail.,3.7369676996447496
820,SSKK,dhrishti collection,4.290837977304664
821,SSU,CHEMICO GLASS AND SCIENTIFIC COMPANY,3.5669877918010107
822,STRAUSS,Khel Kood,3.4024777404198074
823,SUKAU,Inditradition ¬Æ,4.6478721041371465
824,SUNLEY,Kaushal Sports Industries,3.5327290102252316
825,SVR,Maayra ColorWorld,2.7253607657703607
826,SWASTIK,SwastikEnterprise,4.212838954437531
827,Saco,saco,3.2234194644566543
828,Safari,BABA FARID RETAILS,3.7093384656153514
829,Sahani Traders,Nirmalsale,3.5367454190910386
830,SahiBUY,Sunshine Gifting,4.348632193224484
831,SaleOn,SaleOn‚Ñ¢,3.6339634161886094
832,SaleOn‚Ñ¢,SaleOn‚Ñ¢,3.6626003824404867
833,Salman Khan,The Paper Palette,2.194790781165937
834,Samsung,Nallu Infotech,4.633389627095631
835,SanDisk,best_buyaxz,4.651897587197059
836,Sankalp,Sankalp Scientific & Associates,4.4039909774262895
837,Sansui Electronics Pvt. Ltd.,Sansui Electronics Pvt Ltd,3.406738207436671
838,Sanyo,Cloudtail India,3.671459288452427
839,Sara,LIFE AND ART ACADEMY,4.036135433910948
840,Saregama,CPSTORE,4.3872809134829645
841,Sasimo,Sasimo,2.9154939983076473
842,Satyam Kraft,Satyam Kraft¬Æ,4.094806907010597
843,Saysha,Singhania trading co.,3.6203159495261716
844,Scubafitness,"VISHWAKARMA ENTERPRISES,",2.5252649843090307
845,SeCro,BACK BENCHER'S,3.79950550244916
846,Seagate,UPVsales,4.146814859730437
847,SebaMed,ForBridge International,4.054754230119752
848,Secure Vision,Adofys India-(Customer Happiness Is Top Priority),3.8464953951850536
849,See more product details,Fabimpex,3.894196495886636
850,Sennheiser,price..perfect,4.039040446957116
851,Shabana Azmi,shopping24x7,3.943333964698287
852,Shadow Securitronics,Shadow Securitronics,2.5768407557039006
853,Shah Rukh Khan,shopping24x7,4.335789926032079
854,"Shahid Kapoor, Deepika Padukone Ranveer Singh",MOVIEZONE,3.4321547789875195
855,Sharp,GSND Prime,4.003059873324588
856,Sheeba,Cloudtail India,4.604087086942587
857,Shenzhen Best Deals,SAI ENTERPRISES JAIPUR,4.577816076625852
858,Shinco,Cloudtail India,3.0979564742602324
859,Shivya,shivya home,4.235849296416276
860,Shop My Needs,Shop My Needs,2.895763195854686
861,Shop4All,Amy Enterprise,3.973923931021212
862,ShopNGift,Ryka collection,4.177883255209164
863,Shopper Stock,fakhir associates,3.20240261946069
864,Shoppers Stop,Woohoo,4.155358502823636
865,Sigma Instruments,Sunil Associates,1.7557414771628588
866,Signoraware,autumnfare,3.6132657814847615
867,Silver's,The Sport Mall,3.967995227777272
868,Simmtronics,makeURkart,4.370349985426103
869,Sio,STAR INDIA,4.173484097338255
870,Sk Hynix,M-TECHNO,3.8009932610302144
871,Skillofun,Cloudtail India,3.752230713872432
872,Skip Hop,HUB MART,3.1825395257471305
873,Skudgear,Skudgear,3.3540822450810324
874,Skybags,Desert Retail,4.388853512451696
875,Skyking,Skyking Instruments,4.27569945798339
876,SmallAll,Four Brothers Shop,4.337999989137227
877,Smart Frog,INFINITY HOSPITALITY,4.072930982113937
878,Smart Galleria,Smart Galleria,3.6469014770655104
879,Smart One Rocklight,Shree krishna trader,4.584272087186943
880,Smart Plug,Thuse Elektronics Pvt Ltd.,3.162968395173849
881,Smart Pro,shreeganeshmarketing89,4.617222592100956
882,Smartivity,Flyers Bay,4.467119719528834
883,Smartone Rocklight,S. Enterprises.,3.9490316637925313
884,Sobby,SOBBY Microfiber cloths and gloves,3.4810528779624534
885,Solimo,Cloudtail India,3.557674581889075
886,Sony,Digital Xpert,4.643823459976376
887,Speedo,Cloudtail.,3.67990352483498
888,Sphero,NyCraze,3.7879232249099952
889,SpiderJuice,Ukrit,4.630358097259324
890,Spike,Spike Fitness,3.7115297964812255
891,Sport Fuel,Cloudtail India,3.7877135467615934
892,Sports Fuel,Sports Fuel,1.8460881119002468
893,Sportsfuel,Sports Fuel,3.466683440533433
894,SpotsFitt,SportsFitt,4.339620521465303
895,Spotzero by Milton,Vikas plastic,4.220781949793368
896,Sprinto,Buddymate Storefront,3.1766072960732012
897,Square Enix,GamesPlanetImpex,4.589397661689811
898,SreeTeKÔ∏è X96 Mini,Sree Info Enterprises,3.4522001476853608
899,Sricam,price..perfect,4.166045436854969
900,Stanley,TAC,4.1058897464072315
901,StarX,Cloudtail India,3.811272009965622
902,Steelbird,Mahna Auto Store,4.073601388650866
903,Sterillium,A.M.S. INTERNATIONAL,4.0075941428314685
904,Store2508,Store2508 Official,3.818735106027445
905,Storite,SaiTech IT Private Limited (Since 2013),2.9232627538092353
906,Story@Home,EEP_SLP,3.8303299121744736
907,Strontium,R.C. Store,4.434616195077764
908,Studds,RS wholesalers,3.681783689575655
909,Style Eva,BUYERS ADDA,4.30835558272946
910,Suntop,SuntopBags,3.668830556773081
911,Super Dog,wowdog,4.1030835884921935
912,Superb,Allianz Technologies,3.7762164047095603
913,Supreme Mall,Supreme Mall,4.6093412890059335
914,Suraj Metals,SINFRA,4.19989094827754
915,Swiss Gear,Perusal,3.2673606114481712
916,Swiss Military,GoTo Style Mart,4.2301899590210414
917,Syga,SYGA,3.3836886800398487
918,Symphony,PEAK INTERNATIONAL,3.935906769879427
919,Syska,shri ram raja,4.512553581983541
920,Syvo,Syvo Official,2.5790939318411548
921,TAAR,Appario Retail Private Ltd,3.5569342418118137
922,TAGG,VSM INDIA,3.821125723745185
923,TANTRA,New Tech World,2.8472682139105308
924,TARAVISION,REAL_1 STORE,3.9186335731344486
925,TARKAN,Shop Drive,3.5748963855759026
926,TATASKY,DTH Digital India,4.232392849025808
927,TCL,MUMBAI SELLER,3.9801559672786873
928,TECHCOM,Aim Square,3.809327003564004
929,TECHONTO,Aash Multisales Corporations,4.116882130448333
930,THE INK BUCKET,Futurewagon Private Limited,3.2955826369296704
931,THINKVALUE,Appario Retail Private Ltd,3.977476418556576
932,TOMMY HILFIGER,ibcstore,3.3140596204723383
933,TOTU,TOTU INDIA,2.6681548980326366
934,TP-Link,B Online Store,4.4790163560064284
935,TQWMU,Seva Mart,3.1518101563913303
936,TRANIAC - Train Like A Maniac,Traniac,3.0236449158459484
937,TRAWOC,LEARNIX,2.8196285534725427
938,TRP TRADERS,Prabha security,4.018809588053803
939,TULIPS,BelleGirlLifeStyle,3.4383112528641826
940,Taapsee Pannu and Vicky Kaushal Abhishek Bachchan,Pritam Music Pvt. Ltd.,4.25380694938611
941,Taj Experiences,Woohoo,3.0026684603882754
942,Tanishq,Woohoo,3.21373670553604
943,Technix,Sports Fuel,3.1614429983690084
944,Techsun Mart,Techsun Mart¬Æ,2.9956026307655974
945,Tecnia,Infinity e ventures,2.19586679534162
946,Tefal,Cloudtail.,2.9936069117583455
947,Teflon,modernretailonline,4.212566276788181
948,Tempo,Cloudtail India,2.0508687425255694
949,Tenda,Appario Retail Private Ltd,4.347715861544218
950,Terabyte,UniqueComputers,4.342141455237584
951,Tewtross,JBB Retail,3.5144012525600425
952,Thames,Travelgasm,2.9544396959401604
953,The Clownfish,SKY VENTURE,3.3961306042244144
954,The Entertainment Store,The Entertainment Store Bangalore,3.3082028190702992
955,The Flyers Bay,hreedhan enterprises,3.9572067685485828
956,Think Infotech,Profitech Communication‚Ñ¢,3.5344763285412992
957,Thinvent,Thinvent Technologies Private Limited,2.978480620880686
958,Tima,Sports Fun,4.001952291619846
959,Tiny Deal,ToolsMart,3.5227381425693984
960,Titan,YOU & ME NX,3.752903898588656
961,TnW,golden dreams,4.249353970268411
962,Tom Mison,Excel Innovators,3.458239293694376
963,Topps,EMAZING DEALS,3.839459759037077
964,Tosaa,Cloudtail India,4.476560944888324
965,Tottenham Hotspur F.C.,GoalSquadShop,2.5371868823721497
966,TotzTouch,Soft Care,3.7639635527978696
967,Toyshine,Sunshine Gifting,3.6033548712869496
968,Trajectory,TrajectoryStore,3.8268474195541202
969,Trance Home Linen,Trance Home Linen,3.748030895604656
970,Travelsky,ecomstars,3.4484922751155187
971,Trendz Handpicked,sheela textiles,3.5578242440370187
972,Treo,palia crockery & gift centre,4.258830643693779
973,Treo By Milton,Sigma Online,4.017976822453319
974,Trexee,Trexee Enterprises,4.175248023131209
975,Tripole,Adventuregears,3.357436999921671
976,Tronica,EMBEE ENTERPRISES,3.7105200443954502
977,Trumom,Nureca Inc USA,2.000132652896743
978,Tulsi,Tulsi Care,3.0565309898928685
979,Tupperware,MAXEEMISER,4.5887052229455945
980,Tye Sheridan,Excel Innovators,3.3084084141233827
981,UBI Soft,GAMERZONE,4.379800468600792
982,URBAN FOREST,Alpha Collections,3.4820279021187104
983,URBN,Meera-Enterprises,3.6379883180449832
984,Ugreen,Shop-The-World ( SN Recorded ),4.584229022637265
985,Uncle Milton,iBhejo,4.384242669358061
986,UniQual,Hobby Craft,3.1766072960732012
987,United Lethargic,AUGUST LUSH,2.2067195985489274
988,United's,UNITED SALES,2.9501589418385534
989,Unknown,GAMES BABA,3.5233493627469272
990,Upix,S.K. Agrawal Traders,4.542788062870205
991,Urban Home,CRAFTWELL,4.5165255641046445
992,Urban Republic,iBoat (India),3.116406201323328
993,Usha,Cloudtail.,4.038993630706708
994,Ustad Amjad Ali Khan,Pankajtelevideocentre,3.9908284957682216
995,V-Guard,WMCART‚Ñ¢,3.95412687681071
996,V.T.I.,V.T.I.,3.263441568339505
997,VARIOUS,Pankajtelevideocentre,4.104324426322304
998,VAULT,Bajaao,3.1488384230141566
999,VB Retail,DiscounteDeals,4.161232319631768
1000,VEMAX,VEMAX,2.7543676113248017
1001,VIP,Shantam International,3.986252104541933
1002,VOODANIA,Thok Adda,2.8384403951532127
1003,VU,DealsMH,4.395922018571607
1004,ValueShop,ValueShop,3.111953155935772
1005,Valve,BEYOND TOYS AND GIFTS,4.008322172464812
1006,Vardhman,VARDHMAN FANCY STORE,3.8492915979424382
1007,Various,Pankajtelevideocentre,3.920144241575064
1008,Various Artists,Pritam Music Pvt. Ltd.,3.6911731629535036
1009,Vector X,Janjua Sports,3.8932427462768335
1010,Vectora,SHOPPER STORE,3.849267921156272
1011,Vega,gupta helmets,3.5745628148827198
1012,Vicky,The Reasonable Price Products Store,4.577816076625852
1013,Vikas gift gallery,AmazHub,3.1258577156871437
1014,Vintage,Sk Noor Enterprises,3.6770526203685967
1015,Virtual World,PYRAMID21,2.611094621154795
1016,Vivek Oberoi,World Motion,2.9295494921492478
1017,Voltas,Cloud6,4.416813020087433
1018,Voxpop,Bioworld,3.515317653119622
1019,WASAN,WASAN EXPORTS,3.422804033582332
1020,WB Games,Cloudtail India,2.840462652697279
1021,WELROCK,WELROCK,2.9877052223695326
1022,WHITE POPCORN SPEED,WHITE POPCORN üçø,2.406584803623393
1023,WILDEDGE,BDS297,4.323175986659856
1024,WINDEK,WS MART,3.9834495451738685
1025,WINTECH,SS Cycle,4.2135141458616205
1026,WOBBOX,Cloudtail India,3.3727300100926065
1027,WOODY,CW96,3.8231031971099383
1028,WRIGHT,Wright Sense,3.5307261773414504
1029,Warner Bros.,BEYOND TOYS AND GIFTS,3.617737640279307
1030,Waxpol,Cloudtail India,2.830531030936217
1031,Wayona,Appario Retail Private Ltd,3.037238726363221
1032,Webby,Cloudtail India,3.770033873286513
1033,Welcare,WELCARE INDIA,3.881301472238956
1034,Wellon,WELLON OFFICIAL STORE,3.429012708611857
1035,WensLTD,Indeals,2.948112443426844
1036,Western Digital,Krishna Computers indore,4.534204965814238
1037,Westside,GCI Network Private Limited,4.104740746528529
1038,Wet 'n Wild,Cloudtail India,3.4803322417752964
1039,Whirlpool,Sigma Online,3.769191817696262
1040,Whitelily,sim sim world,4.128695044322091
1041,Wifi,AlexVyan_Brothers,3.880868837832125
1042,WildHorn,Cloudtail India,3.4844665911851718
1043,Wildcraft,Kindle Retail,4.629893414510964
1044,Wildstags,Wildstags,3.7086911833853233
1045,Wintech,Nallu Infotech,2.792134089359207
1046,Wipro,Shelfkey,4.682900117892795
1047,WonderKart,WonderKart¬Æ,2.992367852661441
1048,Wonderchef,Jumbo Retails,4.544084587360609
1049,Wonderford,ZAPTIN ENTERPRISES,3.6859263616559153
1050,Wright,Wright Sense,3.299678351814109
1051,X96,Elecronics Hub,3.4130706330441303
1052,XERGY,XERGY¬Æ,3.9549607556833064
1053,XElectron,store of Gifts,3.3895789708848016
1054,XPG,FastDealsIndia,3.782616488135672
1055,YAOJIN,Elites Accessories,3.862687959268842
1056,YI,Kiron,3.851009515502969
1057,YKS,Ktrack International,3.808862057930537
1058,Yamaha,Audiomaxx In,4.644911526207248
1059,YeahiBaby,reefor,3.911142418389219
1060,Yellow Weaves,Yellow Weaves,3.901491056488596
1061,Yogasya,Yogasya Wellness,3.246350881387113
1062,Yonex,AC Collections,4.604087086942587
1063,Yumato,Vini Online Shop,3.308954570748081
1064,ZAAMBUTECH,ESnipe Mart,4.222390521736538
1065,ZAPTIN,ZAPTIN ENTERPRISES,2.6939077984813933
1066,ZORO,ALFA Retail Corp,3.6219434825518
1067,ZURU BUNCH,BE01,4.172065413516792
1068,Zaptin‚Ñ¢,ZAPTIN ENTERPRISES,2.776225436070102
1069,Zebronics,onlinebee,4.36580177807681
1070,Zebronics - Intel,HYNIX & KINGSTON DDR RAM,3.8361648848397594
1071,Zebronics-Intel,SUFI ELECTRONICS,3.9688318642278264
1072,Zippo,ONLINEMANTRA,3.948050299297673
1073,Zofey,ZOFEY,3.490911913107257
1074,Zoook,PINNACLE ELECTRONICS,4.1445798853807565
1075,a k,MAHADEV SPORTS MEERUT CITY,4.612844090381499
1076,a k creation,Best_seller_India,3.720247602745257
1077,beconnected,beconnected,3.7442673082526787
1078,billionBAG,billionBAG,2.901160036695273
1079,capriff,CapriffIndia‚Ñ¢,4.230032878429777
1080,captcha,ZAPTIN ENTERPRISES,3.2724172058115335
1081,cartup,cartup.,2.214171916408044
1082,cmbear,TRENDING YOUTH TECHNOLOGIES PRIVATE LIMITED,2.6626636798989067
1083,eErlik,Dawn Market,4.048049145211459
1084,eHub,eHUB¬Æ,3.973070943046179
1085,ekta home appliances,Amazing Shopee,3.925316423300521
1086,flying CLOUDS,ALFA Retail Corp,3.809176385300127
1087,friends & company,Ayushman Sales and Company,3.458591179178919
1088,happytech,SHOPBOOZ‚Ñ¢,3.644471820315304
1089,hopesunkhc,Cart2India Online,2.691133641592488
1090,i-Heir,i-Heir¬Æ Official,2.09816237421487
1091,iBall,RAJU COMMUNICATION.,4.682900117892795
1092,iNinja Tools,Shirisha enterprises,3.6069585323524658
1093,iVoltaa,iVoltaa Official,3.7628627425187577
1094,iZED,Maadurgacreation,2.9919595665193683
1095,incho,Aster Commerce,4.450998999572068
1096,jungal,Kart Trade,2.8958306171969923
1097,junos,1699 sikh store,3.9852668941140097
1098,king shine,king shine industries,3.264745714497
1099,lovelyhome,lovelyhome Mall,4.277056310730553
1100,metors,Ergode India,3.9914699102966456
1101,mi,Cloudtail India,3.635247325473873
1102,mtuggar,mtuggar,2.956850416613338
1103,ooze,polaccessories,3.7105200443954502
1104,oyrl,A2ZTraders,3.353648631656132
1105,realme,Vservbpo,3.621534586341742
1106,rts,Radhey Techno Service,3.1420977429314254
1107,shopmart,sachin  enterprises,2.940494023674216
1108,smarteefi,Smarteefi,3.511270360841652
1109,stealkart,Shopper's Gallery Zone(100% CUSTOMER SATISFACTION),2.6922417425047227
1110,vini yoga mat,dimpi enterprises,3.6498041501653207
1111,wildmount,RATRADERS,3.29038694010242
1112,zhart,ToolsMart,3.961915033152108
