,Seller,City
0,"""SHOP 24""",Bhuj
1,# Global Hub,Jamnagar
2,#GAME TECH,Bhavnagar
3,'JFS',Rajkot
4,(Gadgets2use),Himatnagar
5,(SPORTO FITNESS™)*,Sanand
6,*Marketing Online,Sanand
7,-TOS-,Surat
8,.DFO INDIA LLP,Jamnagar
9,1 Stop Shop,Surat
10,1 Stop Shoppee,Sanand
11,121 IT SOLUTIONS,Anand
12,1699 sikh store,Rajkot
13,1DEEP ENTERPRISES,Jamnagar
14,1st baby store,Surendranagar
15,24*7ATYOURSERVICE,Surendranagar
16,24SEVENINDIA,Bhavnagar
17,24X7 SHOPPING ONLINE,Vadodara
18,24X7 SHOPPING STORE,Jamnagar
19,24x7 Shopping,Ahmedabad
20,24x7onlinemart,Anand
21,264,Sanand
22,3DCloud,Surat
23,3HourDelivery,Rajkot
24,4 U Marketing,Himatnagar
25,40km,Jamnagar
26,4COM Technologies,Bhuj
27,4V international,Ahmedabad
28,4gTech,Ahmedabad
29,724 Shopping,Sanand
30,99 INSTRUMENTS,Vadodara
31,@ BuyBox,Bhavnagar
32,A & G Mart,Sanand
33,A 1 SELLER,Surat
34,A B MUSICAL STORES & ACCESSORIES,Bhavnagar
35,A D Overseas,Vadodara
36,A ONE ELECTRICAL AND HARDWEAYR,Vadodara
37,A R IMPEX,Sanand
38,A R O H I,Surat
39,A S B Trader,Bhavnagar
40,A S COLLECTION INDIA,Rajkot
41,A T G T,Sanand
42,A TO Z IT,Rajkot
43,A V TRADERS,Vadodara
44,A and D TRADERS,Anand
45,A and K Enterprise,Sanand
46,A to Z sales corporation original product,Bhuj
47,A&Y INTERNATIONAL,Surat
48,A- One Electronics,Himatnagar
49,A-One Enterprises,Jamnagar
50,A-Sky Retails,Ahmedabad
51,A-Z Retail,Bhavnagar
52,A..S,Rajkot
53,A.C.P Traders,Sanand
54,A.E.I.M CORP,Vadodara
55,A.J.M.,Rajkot
56,A.K. Enterprises Pvt Ltd,Bhavnagar
57,A.M.S. INTERNATIONAL,Anand
58,A.T.P,Vadodara
59,A1Price A1Products,Vadodara
60,A2Z COLLECTIONS,Sanand
61,A2Z E-Sales,Anand
62,A2Z Retail,Surat
63,A2Z Sellers,Surat
64,A2Z Trade,Jamnagar
65,A2Z Ventures,Sanand
66,A2Z-DEALS,Surat
67,A2ZSELLERS,Surendranagar
68,A2ZTraders,Himatnagar
69,A4 TECHNOLOGY,Surendranagar
70,AAAGIFTCARE,Anand
71,AADHISHA,Sanand
72,AADITYA ENTERPRISES (CAMERAS),Anand
73,AALOK,Vadodara
74,AANCHAL INTERNATIONAL - Genxtra®,Jamnagar
75,AAR VEE ENT,Ahmedabad
76,AARAV EMART,Rajkot
77,AARMANZA,Ahmedabad
78,AAUM ENTERPRISES,Vadodara
79,AAccessories,Surendranagar
80,AB INfotech,Vadodara
81,AB TRADES,Rajkot
82,ABC The Business People,Ahmedabad
83,ABHITH INDIA,Ahmedabad
84,ABID SHARIQ ENTERPRISES,Jamnagar
85,ABR Trading Co,Surendranagar
86,ABS Attache and Bags Store,Surendranagar
87,ABS-Tradelink,Jamnagar
88,ABSHA ENTERPRISES,Sanand
89,AC Collections,Bhavnagar
90,AC Trading Company,Anand
91,ACCESSORIES GLOBAL,Surat
92,ACE E-Tail,Ahmedabad
93,ACE Electronic,Surendranagar
94,ACORNSPORT,Surat
95,ACROMEC™,Bhuj
96,ADARSH COMPUTERS,Himatnagar
97,ADISA International,Vadodara
98,ADPP OLM,Himatnagar
99,ADVANT,Rajkot
100,AE INDIA,Himatnagar
101,AEI Shop,Himatnagar
102,AEROKARTUP,Sanand
103,AGARWAL SECURITY SYSTEMS,Surat
104,AGARWAL_MULTIMEDIA,Surat
105,AHPL,Sanand
106,AIIPL_BLR,Jamnagar
107,AIR EXPERT INDIA,Sanand
108,AIRMAKER Foot Pump®,Ahmedabad
109,AJ CREATION,Bhavnagar
110,AJ traders K69,Jamnagar
111,AK.Enterprises0612,Vadodara
112,AKHIL MARKETING VIZAG,Bhavnagar
113,AKSHAR EXIM CO. PVT. LTD,Rajkot
114,AL Noone Star,Surat
115,ALFA Retail Corp,Anand
116,ALKA SHOPING,Jamnagar
117,ALLIED SALES AGENCIES,Sanand
118,ALLIFBAY,Anand
119,AM Leather,Rajkot
120,AM-STORE,Bhavnagar
121,AMARDEEP CYCLES,Surat
122,AMAZINGDEALS4EVER,Vadodara
123,AMBER ELECTRIC & ELECTRONICS,Jamnagar
124,AMG Digital Store,Jamnagar
125,AMJ TRADERS,Anand
126,AMSTORES,Rajkot
127,ANAM INFOTECH PVT,Jamnagar
128,AND Retails,Surat
129,ANE | Absolute Native Electronics | Solnoi,Ahmedabad
130,ANITA ELECTRICALS,Bhuj
131,ANITECH SOLUTION,Sanand
132,ANMOL ART & FRAMES,Jamnagar
133,ANWAR SPORTS,Surendranagar
134,AONECREATIONS,Jamnagar
135,AOW ATTRACTIVE OFFER WORLD,Bhuj
136,AOne Deals,Bhuj
137,APEIRON TECH WORLD,Jamnagar
138,APG_ONLINE_2015,Surendranagar
139,APNAMOBILES,Sanand
140,APNE SAPNE JEE KAR DEKHO,Surat
141,APPLIANCE STORE,Bhuj
142,AQUA SALEs,Himatnagar
143,AQube Retail,Surat
144,AR Enterprises Bhopal,Anand
145,AR sellers,Bhavnagar
146,ARNAV FASHIONS,Bhuj
147,ARORA BROTHERS,Vadodara
148,ARRAY.,Jamnagar
149,ARUN  TRADERS,Himatnagar
150,ARUNA STATIONERY,Surat
151,ARUNDHATI TRADING CORPORATION,Surendranagar
152,AS Retails (Happie Shop®),Surat
153,ASHTAR ENTERPRISES,Jamnagar
154,ASK IT SOLUTIONS,Rajkot
155,AST Japan,Anand
156,ASTHA ELECTRONICS SYSTEMS,Bhuj
157,ASTROPOINT,Ahmedabad
158,AT ✓ prime distributors,Bhavnagar
159,ATC CONNECT,Surendranagar
160,ATELIER WORLD,Vadodara
161,ATIPL-DEL,Bhuj
162,ATZ Retail,Jamnagar
163,AUDIO VOICE INDIA PRIVATE LIMITED,Rajkot
164,AUDIOVIDEO,Rajkot
165,AUGUST LUSH,Himatnagar
166,AURODO,Vadodara
167,AURORA.,Bhavnagar
168,AUXTER,Surendranagar
169,AV INFOLINE,Bhavnagar
170,AV Soft,Ahmedabad
171,AVS RETAIL,Jamnagar
172,AXELNET,Vadodara
173,AXXEUM,Rajkot
174,AYR Tech,Rajkot
175,AZHARI COLLECTION,Rajkot
176,Aadira Collections,Surendranagar
177,Aadishwar Creations,Rajkot
178,Aadvay,Bhuj
179,Aaina Enterprises,Sanand
180,Aaj Jio,Surat
181,Aakashindia,Sanand
182,Aarav Co.™ (Car & Bike Care),Rajkot
183,Aarav Common Services Center & Mobiles,Ahmedabad
184,Aash Multisales Corporations,Bhavnagar
185,Abcomp,Himatnagar
186,Abhishek computer,Vadodara
187,Absolute India,Sanand
188,Absolute e Solutions,Bhavnagar
189,AcWalla,Himatnagar
190,Accord Exports Co.,Sanand
191,Ace Technologies,Ahmedabad
192,Achara online,Surat
193,Acharya Ayurveda,Anand
194,Acme Mart,Jamnagar
195,Acupressure Shop,Bhuj
196,Adcom India,Surat
197,Add To Basket,Himatnagar
198,Adhriti Educational Books,Himatnagar
199,Adhyuth Enterprises,Jamnagar
200,Aditya Instruments,Sanand
201,Aditya Overseas™,Vadodara
202,Aditya Sports,Jamnagar
203,Adofys India-(Customer Happiness Is Top Priority),Bhavnagar
204,Adolf Me®,Jamnagar
205,Advance Projector Inc,Ahmedabad
206,Advent Basics _,Anand
207,Adventuregears,Sanand
208,Advind Healthcare,Bhuj
209,Aerizo  -  Dronean,Vadodara
210,Agarwal Electricals India,Surendranagar
211,Agarwal Sports Industries,Himatnagar
212,Agarwal Traders IN,Ahmedabad
213,Agarwal_,Surat
214,Agway International,Vadodara
215,AhmedabadCotton,Himatnagar
216,Aim Square,Surendranagar
217,Air Show,Vadodara
218,Aironx,Himatnagar
219,Aishvi Enterprises,Surat
220,Aj Tech Solution,Anand
221,Akash Electronicss,Vadodara
222,Akash Enterprisess,Anand
223,Akshat Sales Corporation,Surendranagar
224,Akshat Sports,Anand
225,Akshay Retail,Jamnagar
226,AlexVyan_Brothers,Rajkot
227,Alexa India,Bhavnagar
228,Aliasha Kreation,Anand
229,Alihisen Akbarali Rangwala,Vadodara
230,All Creations,Bhavnagar
231,All Gifts,Jamnagar
232,AllaboutElectronics,Bhuj
233,Allianz Technologies,Rajkot
234,Alpas Consultancy Pvt Ltd,Surendranagar
235,Alpha Collections,Anand
236,Alpine Canyon (USA),Bhuj
237,AmPmStore,Vadodara
238,Amage india,Ahmedabad
239,Amar Chauhan Group,Ahmedabad
240,AmazHub,Jamnagar
241,Amaze Prime Deals,Surat
242,Amazers Choice,Anand
243,Amazin Pet Shop,Bhuj
244,Amazing Dreams,Vadodara
245,Amazing Ezra,Surat
246,Amazing Shopee,Sanand
247,AmazingBags,Bhuj
248,AmazingShop,Surat
249,Ambey steel emporium,Himatnagar
250,Ambience eCom,Rajkot
251,Ambika Gems and Diamond,Bhuj
252,Amigo Store,Jamnagar
253,Amigos Station,Bhuj
254,AmigozZ,Himatnagar
255,Amkette Shop,Bhavnagar
256,Amutham Music Private Limited,Surendranagar
257,Amy Enterprise,Surat
258,Anand Parkash and Sons,Ahmedabad
259,Anandh hardware store,Himatnagar
260,Angel Shopping,Anand
261,AnmolEnterprises,Rajkot
262,Anshulakshi,Rajkot
263,Antarixya Electronics,Anand
264,Anubha Retails,Ahmedabad
265,Aone Marketing,Surat
266,ApTechDeals®,Himatnagar
267,Apeiron Merchandise,Surendranagar
268,Apex BLR,Jamnagar
269,Apex Retail,Rajkot
270,Apna Deal,Vadodara
271,Apnamobiles,Ahmedabad
272,Apni Dukan - Best Deals Forever,Surat
273,Apnidhukan,Sanand
274,Appario Retail Private Ltd,Vadodara
275,Appliances Mart,Surendranagar
276,Apptronics Retail,Sanand
277,AprilIndustries,Bhavnagar
278,AquaDunia Enterprises,Surat
279,AquaNature,Surat
280,Aquamart,Rajkot
281,Aradhya Computer,Bhuj
282,Aradhya Home's,Rajkot
283,Arashi Futures Private Ltd,Anand
284,Arham Industries,Vadodara
285,Arham World,Surat
286,Arigato.,Ahmedabad
287,Arihant Enterprises....,Surat
288,Arihant kitchenware,Bhavnagar
289,Arika group,Himatnagar
290,Arms Technology,Bhavnagar
291,Arnav Tradings,Rajkot
292,Arpit MKT,Surendranagar
293,Art N Hub,Surat
294,Arti Infotech System,Surat
295,Artis Store,Bhuj
296,AruTrade,Jamnagar
297,Arx,Sanand
298,Arzet®,Jamnagar
299,Ascension Enterprises LLP,Surat
300,AshaEnterprises1991,Sanand
301,Ashapura electricals.,Ahmedabad
302,Ashish Electricals and Appliances,Vadodara
303,Ashoka Fish Aquarium,Himatnagar
304,Ashtavakra Agencies,Anand
305,Asian Agencies,Jamnagar
306,Asian Aura,Jamnagar
307,AsianHobbyCrafts LLP,Surendranagar
308,AspenLeather,Rajkot
309,Asquare Enterprise,Rajkot
310,Aster Commerce,Rajkot
311,Asteroid India,Surendranagar
312,Atlantic Shoppe,Rajkot
313,AuTo   MoTo,Bhuj
314,AudiIN,Vadodara
315,Audiomaxx In,Ahmedabad
316,Aum Entertainment,Anand
317,Authorised Deals,Bhavnagar
318,Authorised Retailer,Jamnagar
319,"Authorized seller: Kuvings, Coway & Mealthy",Surendranagar
320,Auto Ryde,Surendranagar
321,Autodrome,Surendranagar
322,Autofurnish India,Bhavnagar
323,Autofy Store,Surendranagar
324,Automart,Rajkot
325,Autorepute,Jamnagar
326,Avenue Overseas Private Limited,Surat
327,Avi enterprises11,Surendranagar
328,Avni Enterprises,Jamnagar
329,Avni Traders,Jamnagar
330,Avon Lifestyle pvt ltd,Jamnagar
331,Axelleindia,Bhuj
332,Axiom store,Surat
333,Axtry™,Ahmedabad
334,Ayuramrit,Bhavnagar
335,Ayush Enterprises Online,Ahmedabad
336,Ayushman Sales and Company,Vadodara
337,B J INFOTECH(A unit of AIPL),Anand
338,B L RUBBER INDUSTRIES PVT LTD,Ahmedabad
339,B Online Store,Rajkot
340,B patel and brothers,Sanand
341,B.K Retail,Surat
342,B.L. Enterprises,Ahmedabad
343,B.P. Trading Company,Sanand
344,BABA FARID RETAILS,Rajkot
345,BABY CROWD,Anand
346,BABY N TOYYS™,Vadodara
347,BABY STATION,Vadodara
348,BABYLOVE,Bhavnagar
349,BACK BENCHER'S,Bhavnagar
350,BAG  STREET,Jamnagar
351,BALAJI COMPUTER...,Sanand
352,BALAJI DIGITAL,Surat
353,BANDYOTECH COMPUTER,Sanand
354,BARCODERS,Vadodara
355,BARTAN BHANDAR,Vadodara
356,BAWATRADERS,Vadodara
357,BBHCPL,Anand
358,BDS Electronic Hub,Bhuj
359,BDS297,Bhuj
360,BE01,Ahmedabad
361,BEAT THE HEAT,Bhuj
362,BEAUTY SHOW,Jamnagar
363,BEAUTY WARE HOUSE,Vadodara
364,BESDEALS IN,Vadodara
365,BEST FOR BABIES,Ahmedabad
366,BEST HOME RETAIL,Surat
367,BEST OFFER STORE,Jamnagar
368,BEST TREND ZONE,Bhuj
369,BETTERDEAL,Vadodara
370,BEYOND TOYS AND GIFTS,Rajkot
371,BHAENTERPRISES,Bhavnagar
372,BHAGVATI SALES,Jamnagar
373,BHANDARI ELECTRONICS AND ELECTRICALS,Sanand
374,BHARAT COMPUTERS & PERIPHERALS,Himatnagar
375,BHARAT ENTERPRISES AMBALA CITY,Vadodara
376,BHGYA SHREE TELECOM,Surat
377,BIA'S,Rajkot
378,BIGBAG,Ahmedabad
379,BIGSALESINDIA,Surat
380,BIGWAVE TRADERS,Bhavnagar
381,BIZTAIL PRIVATE LIMITED,Vadodara
382,BIZZARE..,Ahmedabad
383,BLUE C,Surat
384,BLUE HORSE INDIA,Himatnagar
385,BLUERAYS,Rajkot
386,BOOK ONLINE DTH,Anand
387,BOROFOOD,Anand
388,BR Buildcare Solutions (Manufacturer),Himatnagar
389,BRAND W0RLD,Ahmedabad
390,BRANDS ONLINE,Bhuj
391,BRAVISHHI ENTERPPRISES,Ahmedabad
392,BSB SPINNERS,Surendranagar
393,BSD ORGANICS,Sanand
394,BUKBUY INTERNATIONAL,Himatnagar
395,BUSINESS PEOPLES,Sanand
396,BUYERS ADDA,Anand
397,BUYIT INDIA,Surat
398,BUYWHATYOUWANT,Vadodara
399,BVES,Sanand
400,BVSLFPRODUCTS,Anand
401,Baba mobile,Anand
402,Babu Video Games pune,Sanand
403,Baby Bucket,Ahmedabad
404,Baby Cry,Sanand
405,Baby-Guru,Bhavnagar
406,BabyBasics,Surendranagar
407,Bag & Bags,Himatnagar
408,Bag Junction,Surendranagar
409,Bag fair,Jamnagar
410,Bagaria furnishing and Art Jewellery,Ahmedabad
411,Bags & Luggages Ltd.,Rajkot
412,Bags Fair,Rajkot
413,Bags N Luggage,Himatnagar
414,Bags-R-Us,Bhavnagar
415,Baijnath Premnath,Surendranagar
416,Bains Brothers,Bhuj
417,Bajaao,Himatnagar
418,Bajaj - Shri Groups,Jamnagar
419,Balaji .E,Anand
420,BalanceCart,Jamnagar
421,Bappa-Associates,Surat
422,BasketKaro,Vadodara
423,Baybee Shoppee,Bhuj
424,Bazzar 4 Deals,Vadodara
425,BeStDeAl01,Ahmedabad
426,Beats the musical instrument store,Vadodara
427,BeautyBoon,Ahmedabad
428,Beautykart,Jamnagar
429,BeingShopper®,Anand
430,Believe IT,Surendranagar
431,BelleGirlLifeStyle,Surat
432,Bellstone Trading,Bhuj
433,Best Bargain Computers,Surendranagar
434,Best Dealz 365,Ahmedabad
435,Best U Buy,Jamnagar
436,Best buy price,Bhavnagar
437,BestBuy Mart,Rajkot
438,BestStore2018,Sanand
439,Best_seller_India,Rajkot
440,Bestbuyindia,Vadodara
441,Bhandari Technologies,Rajkot
442,Bharat Industries,Surat
443,Bharat distributors guna,Ahmedabad
444,Bhatiaa Enterprises,Ahmedabad
445,Bhavans Enterprises,Bhavnagar
446,Big  Bazaar,Bhavnagar
447,BigBox Store,Rajkot
448,BigBrandMania,Sanand
449,Bigbig Mall,Sanand
450,Bioworld,Ahmedabad
451,BizHero,Rajkot
452,Bizanne Fashion®,Surat
453,Bk Enterprise,Himatnagar
454,Black Bottom,Himatnagar
455,BlacklineShop,Rajkot
456,Blackt Electrotech,Anand
457,Blossom Deal,Surat
458,Blu  Horizon,Vadodara
459,Blue Stars,Sanand
460,BlueRigger India,Vadodara
461,Blue_Horse,Himatnagar
462,Blueberry India,Surendranagar
463,Blueberry Retail,Jamnagar
464,Bluebird_1,Jamnagar
465,Bluesunpower,Bhavnagar
466,Bluetoothzone,Surat
467,BoL56junH,Bhuj
468,Body Craft,Rajkot
469,BodyFit Gym,Rajkot
470,BoldnYoung,Ahmedabad
471,Bombay Gizmos,Rajkot
472,Bonbury,Bhavnagar
473,BookMyTech,Sanand
474,Boss-Electronics,Surat
475,BoxWish,Jamnagar
476,Boxwishing,Bhuj
477,Bracedeal,Himatnagar
478,Brain Freezer,Himatnagar
479,Brand Authorized Sales,Sanand
480,Brand Authorized Seller,Anand
481,Brand Store 1,Jamnagar
482,BrandEstore,Bhuj
483,Brandonn Fashions,Bhuj
484,Brands India,Surendranagar
485,Brands at Discount,Jamnagar
486,Brasas item store,Surendranagar
487,Breathe Fresh,Vadodara
488,BrightLight trading Co.,Vadodara
489,Brightlink,Sanand
490,Bros & Co.,Sanand
491,Brothers and Company,Bhavnagar
492,Bubby Enterprises,Ahmedabad
493,Bucketlist,Surendranagar
494,Buddymate Storefront,Bhavnagar
495,Build Ventures,Rajkot
496,Bulfyss® - What You See Is What You Get,Jamnagar
497,Bulkybay,Bhavnagar
498,Bunty Jain,Surat
499,BurgeonPro,Bhavnagar
500,Burnlab,Sanand
501,Buy  More,Bhuj
502,Buy-Smart,Surendranagar
503,BuyZilla,Anand
504,Buyaccessories,Anand
505,Buyers Pool,Anand
506,CABLE GALLERY,Himatnagar
507,CADO Gifts,Ahmedabad
508,CAMERA ART & SUPPORTS,Bhuj
509,CAMSHOP,Jamnagar
510,CAMTIGER,Jamnagar
511,CAR SMITH123,Anand
512,CDC,Jamnagar
513,CELLULARINDIAINC,Ahmedabad
514,CERO CARE PRODUCTS LLP,Anand
515,CHANCY,Bhuj
516,CHAND BROTHERS,Vadodara
517,CHEAP,Rajkot
518,CHEMICO GLASS AND SCIENTIFIC COMPANY,Surendranagar
519,CHENNAIMUSICALS,Anand
520,CHETANYA,Bhuj
521,CHETANYA ONLINE BUSSINESS,Ahmedabad
522,CJAY TRADER,Rajkot
523,CKB CREATIONS,Bhavnagar
524,CLEAN INDIA,Rajkot
525,CLEARING SALE OF YEAR,Bhuj
526,CLICKBUY,Jamnagar
527,COLORTRADES,Surat
528,COMPUTER BOOKS & STATIONERY CENTER,Anand
529,COMPUTER CONSUMABLES COMPANY,Rajkot
530,COMPUTER SOLUTION LKO,Vadodara
531,COMPUTER WORLD  NIMTOURI,Ahmedabad
532,COSMETIC TRADERS,Vadodara
533,COSMETICS COLLECTION,Vadodara
534,COSMUS BAGS PVT. LTD.,Bhavnagar
535,CPR Distributors Pvt Ltd,Bhuj
536,CPSTORE,Bhuj
537,CRAFTS STOCK,Surendranagar
538,CRAFTWELL,Anand
539,CRAZYDEALS,Jamnagar
540,CROWN Stationers,Anand
541,CS Online Selling,Surendranagar
542,CSC Car Decors,Sanand
543,CSI Computer,Anand
544,CTM Homestyle Pvt Ltd,Surat
545,CTRIL,Ahmedabad
546,CV STUFF,Anand
547,CW96,Vadodara
548,Cable World IT®,Bhavnagar
549,Calypso,Sanand
550,Cam world,Vadodara
551,CamRack,Sanand
552,Cambium Retail,Bhavnagar
553,Camera First,Jamnagar
554,Camera lounge,Jamnagar
555,Cameralab,Ahmedabad
556,Candid Blue,Ahmedabad
557,Cannycom Store,Sanand
558,Capital Sales,Anand
559,Capital Seller,Surendranagar
560,CapriffIndia™,Jamnagar
561,Captain LED,Bhuj
562,Car Store,Surendranagar
563,Carazy,Vadodara
564,Care Enterprise,Anand
565,Carpartsexpert,Surat
566,Carry On Fashion Store,Bhuj
567,Cars outfit,Sanand
568,Cart2India Online,Rajkot
569,Cart2India SLP,Bhavnagar
570,Cartridge Shop,Sanand
571,Cartridge online,Surat
572,Casa De Amor (TM),Surendranagar
573,Cashien,Sanand
574,Catch_D_Deal_SLP,Bhavnagar
575,CaymanSquare,Sanand
576,Cell Express,Vadodara
577,CentIoT®,Vadodara
578,Cglobal,Anand
579,Chalk Factory,Vadodara
580,Champs Sports Goa,Vadodara
581,Chauhan DigiPrint,Jamnagar
582,Chawla electronics - Punjab,Sanand
583,CheVik,Surat
584,Cheesycheeks,Surendranagar
585,Chempure International,Jamnagar
586,ChicTheDecor,Bhavnagar
587,Choice`,Jamnagar
588,Chris and Kate,Himatnagar
589,Chronex,Jamnagar
590,Cinopera Technologies LLP,Sanand
591,Classic Network and Computers,Himatnagar
592,Click At Luggage,Jamnagar
593,Cloud  Tech,Rajkot
594,Cloud Business India,Anand
595,Cloud Warehouse,Ahmedabad
596,Cloud6,Anand
597,CloudChain,Bhuj
598,CloudNine India,Surendranagar
599,Cloudsale®,Himatnagar
600,Cloudtail India,Ahmedabad
601,Cloudtail.,Surat
602,Cloudtrade,Surendranagar
603,CocoMoco Kids,Bhavnagar
604,Cognegic IT Services,Vadodara
605,Colorpur,Anand
606,Colour's India,Jamnagar
607,Comet Busters®,Surat
608,Compassco,Sanand
609,Compu Plus,Bhavnagar
610,Computer Tap,Surendranagar
611,Computronics Multivision Pvt. Ltd.,Surendranagar
612,ConbreStore,Surat
613,Cool Buddyzz™,Bhavnagar
614,Cooltail,Himatnagar
615,Coolwinks3,Anand
616,Cosmic Byte,Jamnagar
617,Cosmic Communication,Ahmedabad
618,Cosmos Clothing Company,Himatnagar
619,Cost 2 Cost1,Jamnagar
620,Cpixen®,Jamnagar
621,Crafts zone 3,Himatnagar
622,Crazy Sutra,Surat
623,CreativeCollection,Ahmedabad
624,Creativemarketing,Ahmedabad
625,Credence Industrial,Jamnagar
626,Credo Accessories,Vadodara
627,Crescent Computerz,Ahmedabad
628,Cross Border Trends,Himatnagar
629,CrossWord Books,Sanand
630,Croway Pvt India®,Surendranagar
631,Crozon,Anand
632,Crust®,Rajkot
633,Crystalarc Lifestyle,Jamnagar
634,Cube Shine,Vadodara
635,CurveIt,Sanand
636,Cyruss,Himatnagar
637,D & O Ventures Pvt Ltd,Himatnagar
638,D K  Enterprise,Sanand
639,D M S Group,Himatnagar
640,D S Enterprise,Rajkot
641,D Sign Softech Private Limited,Jamnagar
642,D'JazZ™,Vadodara
643,D-Cart,Himatnagar
644,D. D. Trading,Rajkot
645,D. S. INTERNATIONAL,Sanand
646,D3D SECURITY PVT.LTD.,Rajkot
647,DACHINE,Jamnagar
648,DAIWIK ENTERPRISES.,Surat
649,DAS COLLECTIONS!,Surat
650,DAS INFOTECH,Sanand
651,DASHMESH ENGINEERS,Vadodara
652,DATTA ELECTRICAL STORE,Ahmedabad
653,DAZIBAO,Anand
654,DB & CO.,Vadodara
655,DCDR Infra Private Limited,Surat
656,DCGPAC,Surendranagar
657,DE Retail Inc,Bhuj
658,DEAL CART,Himatnagar
659,DEAL GURU,Bhuj
660,DEAL&OFFERS,Surendranagar
661,DEALINDIA1,Rajkot
662,DEALS HUB,Bhuj
663,DEALSWORTH,Anand
664,DECARATE CAR ACCESSORIES,Anand
665,DECHANT,Surendranagar
666,DEEP TEXOFAB,Anand
667,DELHI ELECTRONICS PLAZA,Jamnagar
668,DELHITRADERSS,Bhuj
669,DELIGHT SALES,Himatnagar
670,DELTA ASSOCIATES,Surat
671,DELYTZ,Sanand
672,DESK FLAIR™,Anand
673,DEZ9 Technology,Sanand
674,DG enterprises,Bhuj
675,DH Value Store,Anand
676,DHANAM&COMPANY,Jamnagar
677,DHANSHRE FITNESS,Vadodara
678,DHRUVA ENTERERPRISES,Anand
679,DHUNI INTERNATIONAL,Jamnagar
680,DHWANI ENTERPRISE,Surendranagar
681,DIGI POINT,Surendranagar
682,DIGITAL INFOTECH SERVICES,Bhuj
683,DIGITAL PARADISE,Ahmedabad
684,DIL Ki Deal,Surendranagar
685,DIPL INTERNATIONAL,Jamnagar
686,DIRECT FACTORY SALE,Ahmedabad
687,DIVI ENTERPRISES,Rajkot
688,DK SALES.,Himatnagar
689,DKonline,Sanand
690,DMLR,Sanand
691,DMS STORES,Jamnagar
692,DP Online,Surendranagar
693,DR RETAIL,Surendranagar
694,DREAM HOMEZ,Anand
695,DREAM LIGHTS,Vadodara
696,DREAMFIT,Himatnagar
697,DSK Collections,Anand
698,DSK ENTERPRISES,Vadodara
699,DTD INTERNATINAL,Ahmedabad
700,DTH Digital India,Bhuj
701,DTH HUB INDIA...(._.)...,Bhavnagar
702,DTH Live,Surat
703,DTH SOLUTION,Anand
704,DTH Star,Jamnagar
705,DTHIndia,Jamnagar
706,DTL Company,Ahmedabad
707,DUPLETS ELECTRONICS PVT LTD,Surat
708,DVCOMM,Himatnagar
709,DVJI,Himatnagar
710,DYBANS TECH INDIA,Bhavnagar
711,Dahsha Enterprise,Surendranagar
712,Daily Deals 2k19,Himatnagar
713,Daily Shoppers,Bhuj
714,Daman Trader,Ahmedabad
715,Damodar Stationers,Surat
716,Damurhu sales corporation,Vadodara
717,DareClickSLP,Sanand
718,Darsh Electric,Rajkot
719,Datta Electricals and appliances,Bhavnagar
720,Dawn Market,Vadodara
721,Deal of the day 24/7,Surendranagar
722,Deal-Expert,Vadodara
723,DealBindaas,Jamnagar
724,DealDay19,Ahmedabad
725,Deals Mania,Himatnagar
726,Deals Sea,Vadodara
727,Deals point,Surat
728,DealsMH,Sanand
729,DealsMonk,Anand
730,Decent Exim,Ahmedabad
731,Deemanth Bags,Sanand
732,Deep Gallery,Jamnagar
733,Dein Kleider,Himatnagar
734,Delhi Traders,Surat
735,Demart online services,Rajkot
736,Desert Retail,Anand
737,Desktop Hub,Jamnagar
738,Dev Sports,Himatnagar
739,Devama The Divine,Surat
740,Devansh Enterprises ..,Sanand
741,Devineindia,Rajkot
742,Devlok Distributor,Bhavnagar
743,DhanSai Expressions,Anand
744,Dharmsut®,Surendranagar
745,Dhruv Sportz,Bhuj
746,Dhruvi M,Bhavnagar
747,Dhwaj Flag,Sanand
748,Diamond sell,Vadodara
749,Die Hard™ Collections,Sanand
750,Digiclick store,Rajkot
751,Diginet India,Rajkot
752,Digital Age,Bhavnagar
753,Digital India Mart,Bhavnagar
754,Digital Mistry,Bhavnagar
755,Digital Nation Technology,Bhavnagar
756,Digital Shoppy,Himatnagar
757,Digital Xpert,Bhuj
758,DigitalIndia,Bhuj
759,Digitall india,Surendranagar
760,Digitally Yours,Anand
761,Discount Bazaar India,Vadodara
762,Discount Junction,Surendranagar
763,Discount Retail,Anand
764,DiscounteDeals,Jamnagar
765,Dishani Computers,Surendranagar
766,Divyansh sales & trade co.,Surendranagar
767,Diycomponents,Himatnagar
768,Dj Pundits,Himatnagar
769,Door_To_Door,Bhavnagar
770,Doublexstand,Surendranagar
771,Dr HEALTH,Jamnagar
772,Dr.Copper,Himatnagar
773,DreamKraft™,Vadodara
774,Dreamtrix,Himatnagar
775,Ducant India,Surendranagar
776,Durga Sales Corporations,Jamnagar
777,Durga234,Vadodara
778,Dutta Trader,Sanand
779,Dyson India,Sanand
780,E MALL INDIA,Bhavnagar
781,E shopping ( Virag Stores ),Vadodara
782,E-APPLIANCES,Himatnagar
783,E-BUY,Himatnagar
784,E-Emporium,Vadodara
785,E-KEY-FILL,Rajkot
786,E-Magic Solutions,Surat
787,E-SQUARE,Himatnagar
788,E-Shoptronix,Bhavnagar
789,E-Zone Deals,Ahmedabad
790,E-commerce Planet,Anand
791,E-kart:The One Stop Shop,Bhuj
792,E.V.A.N,Surat
793,EASYone,Surat
794,ECOM KING,Anand
795,ECOM+,Sanand
796,ECON SALES,Himatnagar
797,EDZARD ENTERPRISES,Surendranagar
798,EEP_SLP,Sanand
799,EES EES TRADERS,Surat
800,EKSHUB ENTERPRISES ET BAZAR,Himatnagar
801,EL-TRONICS,Sanand
802,ELAAR Store,Anand
803,ELECTOMANIA®,Bhuj
804,ELECTRADE,Bhavnagar
805,ELECTRO KART,Surendranagar
806,ELECTRONIC SCIENCE PROJECTS,Ahmedabad
807,ELECTRONICS MART INDIA LTD,Ahmedabad
808,ELECTRONICS PLAZA.,Vadodara
809,ELECTRONIKA,Jamnagar
810,ELEVATE,Ahmedabad
811,ELITE BAGS,Surat
812,EMAZING DEALS,Bhuj
813,EMBEE ENTERPRISES,Surendranagar
814,EMERGING TECHNOLOGIES THRISSUR KERALA INDIA,Ahmedabad
815,ENERSENSE,Bhuj
816,ENSP Online Retail Store,Vadodara
817,ENTERTAINMENT HUB,Bhuj
818,ESPIRE,Sanand
819,ESnipe Mart,Jamnagar
820,ETAILZONE,Bhuj
821,EXECLUSIVE STORE,Anand
822,E_trader,Jamnagar
823,Eagle Eye Gadgets,Anand
824,Eagle Information,Bhuj
825,Eagle Network Supply Pvt. Ltd.,Ahmedabad
826,Easy Home Deals,Sanand
827,Easy Shoppi,Rajkot
828,EasyHealth,Rajkot
829,Easyekart,Vadodara
830,Easysellers,Himatnagar
831,Ebee®,Surat
832,Ebuy365,Rajkot
833,Ecom-Retails,Jamnagar
834,Economically Musical,Rajkot
835,Ecotail Ventures,Rajkot
836,Edinms Technologies,Himatnagar
837,Eeasy India,Jamnagar
838,Einstein box,Surendranagar
839,Ekart4u,Bhavnagar
840,Eldino India,Bhavnagar
841,Elecronics Hub,Anand
842,Electrama,Surendranagar
843,Electric-Deals,Bhuj
844,Electrical Courtyard,Anand
845,Electro Cafe,Anand
846,ElectroBot,Jamnagar
847,Electronic World (IN),Bhuj
848,Electronic-Warehouse,Surat
849,Electronics Barrel,Surat
850,Electronics Shoppe,Vadodara
851,Electronics Villa,Surendranagar
852,ElectronicsArtGalleryEAG®,Himatnagar
853,ElectronicsMarvel,Bhuj
854,Electroniks4u,Jamnagar
855,Elektromart,Surendranagar
856,Elevea™ Elite Shope(1Year Warranty Promise),Sanand
857,Elite-India®,Bhavnagar
858,Elites Accessories,Jamnagar
859,Ellonia,Surat
860,Emblem_SLP Samsung Authorized,Surendranagar
861,Emmbros Overseas,Jamnagar
862,EnetSLP,Vadodara
863,Enigma Solutions,Surat
864,Enivid Sales,Ahmedabad
865,Ensure Sales India,Ahmedabad
866,Entertainment Junction,Surat
867,Envie & Digitek,Rajkot
868,Envision Entertainment,Sanand
869,Epitome M.,Rajkot
870,Equip0,Himatnagar
871,Ergode India,Surendranagar
872,Ergy Store,Surat
873,Eshop 24by7,Vadodara
874,Eshoppinghub,Bhuj
875,Eshwari Biztech India Pvt Ltd,Sanand
876,Esquare Enterprise,Jamnagar
877,EssEll,Sanand
878,Estore mall,Ahmedabad
879,EsyShop,Surendranagar
880,Etail Ent,Bhuj
881,Etechserv,Himatnagar
882,Even project solutions,Bhavnagar
883,Everycom Electronics,Jamnagar
884,Evizo Direct,Ahmedabad
885,Evolve_SLP_Samsung Authorized,Surat
886,Exborders,Jamnagar
887,Excel India Online,Vadodara
888,Excel Innovators,Jamnagar
889,Express Delivery Retail,Anand
890,Extender,Surendranagar
891,Eye2Eye,Jamnagar
892,Ezioinc78,Sanand
893,F Gear,Bhavnagar
894,F.B MART,Bhavnagar
895,F.O.R.,Surendranagar
896,FAB BEAUTY STORE,Sanand
897,FADDISH,Himatnagar
898,FAST LIFE,Rajkot
899,FESTIVALS_ STORE,Surat
900,FFCP - Yellow Bee,Surat
901,FH Retail,Anand
902,FINE KART,Bhavnagar
903,FINICKY-WORLD,Sanand
904,FLASH SALES INDIA,Anand
905,FLASH STAR,Vadodara
906,FLOWERS ENTERPRISE,Rajkot
907,FOCUS CONSUMERS,Surat
908,FOOD AVENUE,Himatnagar
909,FREDI HD PLUS,Himatnagar
910,FSNSTORE,Rajkot
911,FTCPL,Rajkot
912,FUR JADEN,Surat
913,FURBUP,Surendranagar
914,FUTURE FORWARD(RGB FILMS PVT LTD),Himatnagar
915,FYLFOT POINT,Himatnagar
916,FabSeasons,Bhavnagar
917,Fabimpex,Anand
918,FactoryForward,Surat
919,Fair Deal Traders,Surat
920,Fallingstar,Ahmedabad
921,Famacart,Himatnagar
922,Familykart,Vadodara
923,Fansport,Rajkot
924,Fantom Store,Sanand
925,Farraige Official,Bhavnagar
926,Faseekart,Bhavnagar
927,Fashion Link IN,Rajkot
928,Fashion n digital,Surendranagar
929,FashionAble,Anand
930,Fashionn World,Surendranagar
931,Fashions Store,Surendranagar
932,Fast DTH,Rajkot
933,FastDealsIndia,Bhuj
934,Fastprosolutions,Surendranagar
935,Favourite BikerZ,Bhavnagar
936,Feedline Communications,Himatnagar
937,Fest market,Bhavnagar
938,Festivals_ SLP,Rajkot
939,Festivals_SLP_Mumbai,Rajkot
940,Fiducia India,Rajkot
941,Fighters,Jamnagar
942,Fine Line Retails,Surat
943,Fire Security And Solutions,Jamnagar
944,FirkeyZone,Jamnagar
945,Firoza,Jamnagar
946,First Step Digital,Bhuj
947,FitXM,Ahmedabad
948,Fitness Hubb,Himatnagar
949,FitnessHub,Bhavnagar
950,Flash Distribution,Sanand
951,FlashStar,Sanand
952,Flyers Bay,Rajkot
953,Fokatkart E-Commerce Pvt Ltd,Sanand
954,Foodie Puppies®,Vadodara
955,ForBridge International,Jamnagar
956,Forbeskart,Jamnagar
957,Forever India.,Ahmedabad
958,Fortune International,Vadodara
959,FotoCart dot in,Bhuj
960,Four & Seven,Vadodara
961,Four Brothers Shop,Sanand
962,Fragrance Cafe,Vadodara
963,Frantic Trading,Ahmedabad
964,FreshFabrics,Surat
965,Freshdcart,Vadodara
966,Frizzer.,Bhuj
967,Full Of Toys,Surendranagar
968,Fully®,Bhavnagar
969,Fundoo Labs,Ahmedabad
970,Furracious Pet,Jamnagar
971,"Fusion Technology, Muz",Surat
972,Fusion5 Tablets,Bhavnagar
973,Future Media (GARMIN),Bhuj
974,Future-mart,Surendranagar
975,Futurewagon Private Limited,Bhavnagar
976,G&S enterprise,Ahmedabad
977,G-Mart Store,Rajkot
978,G-force,Vadodara
979,G. G.,Ahmedabad
980,G.C.G.S,Anand
981,G.M. Electric,Surat
982,G.k electronic,Jamnagar
983,GADGET DEAL,Himatnagar
984,GADGETBESTBUY,Sanand
985,GADGETHUT,Surendranagar
986,GADGETKING,Himatnagar
987,GADGETS GALLERY,Jamnagar
988,GAME STATION HOUSE,Bhuj
989,GAME STOP,Bhuj
990,GAME WORLD,Himatnagar
991,GAMERZONE,Anand
992,GAMES BABA,Sanand
993,GCI Network Private Limited,Rajkot
994,GENERIC HUB™,Vadodara
995,GENPROD,Bhuj
996,GENVEO Telecom& Security Alarm System india,Ahmedabad
997,GERMAN INTERNATIONAL,Sanand
998,GK Mart,Sanand
999,GLEAM BAGS,Anand
1000,GLOBAL VISION SALES,Anand
1001,GLORIOUS LIVING,Ahmedabad
1002,GM enterprises,Ahmedabad
1003,GMCS-Ecommerce,Himatnagar
1004,GOELX- THE LARGEST CRAFT STORE,Surat
1005,GOLD FITNESS(Lovely Sports),Rajkot
1006,GOLDEN VISION,Ahmedabad
1007,GOLDMAX ELECTROMART,Anand
1008,GOOD DEEDS,Sanand
1009,GOODNESS INTERNATIONAL,Bhuj
1010,GOWRI MARKETING,Vadodara
1011,GOYAL BROTHERS HOME APPLIANCES,Bhavnagar
1012,GRABDEALS,Surendranagar
1013,GRD Enterprise,Surendranagar
1014,GREAN,Ahmedabad
1015,GREAT VALUE PRODUCT,Bhavnagar
1016,GREATINDIADEALS,Jamnagar
1017,GREATINDIAZONE,Jamnagar
1018,GREENLIME,Bhavnagar
1019,GSDECOR,Bhavnagar
1020,GSK Corporation,Rajkot
1021,GSKHK,Vadodara
1022,GSND Prime,Ahmedabad
1023,GSR ONLINE,Anand
1024,GT CAM INDIA,Bhuj
1025,GT Glooptook,Bhuj
1026,GTBPRODUCTS,Surat
1027,GTC RETAIL,Himatnagar
1028,GTretails,Sanand
1029,GUPTA JI TRADING COMPANY,Surendranagar
1030,GURNOOR COMMUNICATION (Mobile & Accesories world),Himatnagar
1031,GURU KRIPA TRADING,Himatnagar
1032,GURUJI INTERPRISES,Vadodara
1033,GVC BAGS,Himatnagar
1034,GXC,Ahmedabad
1035,Gadget Hero's ™,Surendranagar
1036,Gadget House India,Bhuj
1037,Gadget Walker,Ahmedabad
1038,GadgetShoppe,Ahmedabad
1039,Gadgetfreakz75,Vadodara
1040,Gadgets of galaxy,Jamnagar
1041,GadgetsAccessories™,Anand
1042,Gadgets_Guru,Surat
1043,Gajraj,Bhavnagar
1044,Galaxy Digital 11,Ahmedabad
1045,Galaxy Enterprises 92,Surat
1046,Galaxy Sales and Marketing,Surat
1047,Galaxy Shopee,Rajkot
1048,Gambol India,Anand
1049,Game Addicts,Surendranagar
1050,Game On sports,Vadodara
1051,Game X,Sanand
1052,Gamerz_world.,Vadodara
1053,Games zone,Himatnagar
1054,Games.stores,Jamnagar
1055,GamesPlanetImpex,Bhavnagar
1056,GamesTradeDelhi,Surendranagar
1057,Gamesngadgets,Vadodara
1058,Ganesh-Enterprise,Rajkot
1059,Ganesha Impex,Bhuj
1060,Gangaur Tex,Himatnagar
1061,Gapkart,Vadodara
1062,Garg bartan store,Himatnagar
1063,Gatiya Retail LLP,Rajkot
1064,Gauryog,Surat
1065,Gavin International,Ahmedabad
1066,Gawin Sports,Bhavnagar
1067,Geek STORE,Ahmedabad
1068,Geek-O-Tech,Bhavnagar
1069,Geetanjali Store,Vadodara
1070,GemComp,Surat
1071,GenXgAmE,Anand
1072,Genesis Impex,Anand
1073,Genius International,Bhavnagar
1074,Genuine Sports Guaranteed,Ahmedabad
1075,Giant B,Bhuj
1076,Gifts Online,Sanand
1077,GiggleGlory.,Vadodara
1078,Gilli Shopee®,Bhuj
1079,GizmoFashion,Bhuj
1080,Glace,Himatnagar
1081,Global Healthfit Retail,Himatnagar
1082,Global IT Retail,Vadodara
1083,Global Medical Shop,Jamnagar
1084,Global Shopping Bag,Surat
1085,Glossy Store,Jamnagar
1086,Glow worlds,Bhuj
1087,Go4Shoping,Surendranagar
1088,GoTo Style Mart,Vadodara
1089,GoTrippin,Surat
1090,GoalSquadShop,Himatnagar
1091,Gocart,Surendranagar
1092,GoldMakers,Bhavnagar
1093,Golden_Computers,Himatnagar
1094,GooD DealinG,Jamnagar
1095,Good Shop Store,Himatnagar
1096,GoodLuck Shoppie,Vadodara
1097,GoodWill Tech,Vadodara
1098,GoodsSell,Rajkot
1099,Goofy Tails,Anand
1100,GopalJi Creation,Ahmedabad
1101,Goreitia,Surendranagar
1102,Gorilla Fans,Surat
1103,Goyal Enterprises 23,Rajkot
1104,Goyal International,Anand
1105,Grab All Deals,Rajkot
1106,Grab_Deals,Vadodara
1107,Grace St.,Rajkot
1108,Gravity IT,Rajkot
1109,Great Indian Sale,Bhuj
1110,Green Mart India,Vadodara
1111,GreenWood Organic & Bamboo clothing,Surat
1112,Greener One,Vadodara
1113,Greeneye Technology,Jamnagar
1114,Grey Stone,Anand
1115,Grooming Kart ®,Vadodara
1116,GrvEnterprises,Surat
1117,Gsm DUMANHILL ®,Rajkot
1118,Gss creation,Vadodara
1119,Gulati marketing Corporation,Rajkot
1120,Gulati traders,Himatnagar
1121,Gupta  Trading Company,Sanand
1122,Gupta Computer Care,Ahmedabad
1123,Gupta brothers chandigarh,Surendranagar
1124,Guru ji telehub,Himatnagar
1125,Guruji Gifting,Bhuj
1126,Guruji Trading Company,Rajkot
1127,GymMart(Fit-N-Fine Fitness),Ahmedabad
1128,H.R Enterprises,Bhavnagar
1129,HAPPY DEALS4U,Jamnagar
1130,HARE KRISHANA ENTERPRISES,Bhavnagar
1131,HARI HARA ENTERPRISES,Anand
1132,HARI RETAILER'S,Anand
1133,HARI TRADERS.,Surat
1134,HARIOM ( SMT™ ),Rajkot
1135,HARIOM COMMUNICATION LLP,Jamnagar
1136,HASHTAG FITNESS,Jamnagar
1137,HC COLLECTIONS,Bhuj
1138,HCL INFOSYSTEMS LTD,Anand
1139,HCSLite,Himatnagar
1140,HDR INNOVATION,Bhuj
1141,HE RETAIL SUPPLIES,Rajkot
1142,HE SALES,Ahmedabad
1143,HEALTHCARE BIOTECH™,Anand
1144,HEALTHEX,Bhavnagar
1145,HEENAL,Surat
1146,HEER,Sanand
1147,HI-LITE ESSENTIALS,Ahmedabad
1148,HIPKOO SPORTS,Surat
1149,HNR Retail,Himatnagar
1150,HOLME'S SHOP,Vadodara
1151,HOME BARGAIN,Anand
1152,HOME BUY® STORE,Rajkot
1153,HOME FINERY,Himatnagar
1154,HOME MAKE STORES,Rajkot
1155,HOMZ WONDERS,Bhavnagar
1156,HORIZONINDIA,Surendranagar
1157,HOUSE OF QUIRK,Rajkot
1158,HP GREEN SOLUTIONS,Vadodara
1159,HQMS TECHNOLOGIES,Bhuj
1160,HR ENTERPRISES.......,Himatnagar
1161,HRB Musicals,Vadodara
1162,HRD SALES,Rajkot
1163,HS TECHNO SOLUTION90,Rajkot
1164,HSInternet,Bhuj
1165,HT Kitchen Gallery,Surendranagar
1166,HUB MART,Bhuj
1167,HUKUM ENTERPRISES,Surendranagar
1168,HYGIENIC DIAPERS,Sanand
1169,HYNIX & KINGSTON DDR RAM,Bhuj
1170,Haiko,Bhavnagar
1171,Hamilton Housewares,Vadodara
1172,Hampi Computers,Himatnagar
1173,Hardtrac_SLP Samsung Authorized,Jamnagar
1174,Hargovind,Rajkot
1175,Hari Om Mobile,Anand
1176,Hari_e_commerce,Bhavnagar
1177,Harmony Gift,Surendranagar
1178,Harricane,Sanand
1179,Harsh Enterprises.,Ahmedabad
1180,Hasan trading,Jamnagar
1181,HashTag Glam 4 Gadgets,Rajkot
1182,Havens Marketing Private Limited,Bhuj
1183,Headly Fitness,Bhuj
1184,HeadsUpForTails,Bhuj
1185,Health Zzone,Rajkot
1186,Health&Glow,Surendranagar
1187,Healthcare Supplies,Ahmedabad
1188,Healthy18,Bhavnagar
1189,Heega Sports,Jamnagar
1190,HelloYehlo,Jamnagar
1191,Helmetdon,Sanand
1192,Hey Ram,Sanand
1193,Hi-Tech Systems Satara,Bhavnagar
1194,Hightop Sports Industries,Bhavnagar
1195,Hindustan Deal,Bhuj
1196,Hindustan Industries,Sanand
1197,Hira Enterprises.,Ahmedabad
1198,Hitech Enterprises.,Anand
1199,Hiyanshi Creations,Ahmedabad
1200,Hobby Craft,Ahmedabad
1201,HoliDay Special,Surendranagar
1202,Home & Audio,Sanand
1203,Home & Beauty Store,Sanand
1204,Home & Kitchen Gallery,Jamnagar
1205,Home Audio Expert,Surendranagar
1206,Home Care products,Ahmedabad
1207,Home Furnishing -Made In India by RajasthaniKart,Ahmedabad
1208,Home Shop®,Bhuj
1209,Home arena,Surendranagar
1210,Homecart,Rajkot
1211,Homedeliverykart,Anand
1212,Homeproducts4u,Ahmedabad
1213,Homesoul,Surendranagar
1214,Homyl IN,Himatnagar
1215,Honest Shop,Surendranagar
1216,Honey Retails,Anand
1217,House Of Electronics,Surat
1218,Hunky Dory Kids,Himatnagar
1219,Hunt India,Sanand
1220,I K ENTERPRISES,Rajkot
1221,I MAD,Bhuj
1222,I-tech Info Solutions,Rajkot
1223,I.R. INTERNATIONAL,Sanand
1224,IBAZAR,Surendranagar
1225,ICONIC INC.,Ahmedabad
1226,IDEAL COMPUTER KOLKATA,Bhuj
1227,IFIHomes,Himatnagar
1228,IKONE SOLUTIONS,Sanand
1229,IMASTUDENT-DOT-COM,Anand
1230,IMPEX PERFECTION,Himatnagar
1231,IMPORT EXPORTS ™,Bhuj
1232,IN & OUT Computer Solutions,Himatnagar
1233,INDIA ENTER,Sanand
1234,INDIA RETAIL's,Surat
1235,INDIA TRADERS,Himatnagar
1236,INDIABULLS,Himatnagar
1237,INDIAN  SHOP,Jamnagar
1238,INDIANMART,Bhavnagar
1239,INDIANS_PRIME,Anand
1240,INDIAS HEART,Himatnagar
1241,INDIASHOPERS,Jamnagar
1242,INFINITY HOSPITALITY,Surat
1243,INFOTRADE IMPEX,Rajkot
1244,INNOVATIVE DESIGN AND ELECTRONIC APPLICATION(IDEA),Himatnagar
1245,INSPIRE CRAFT,Surendranagar
1246,INTERIORPRINT,Bhavnagar
1247,IQONIQO INC.,Bhavnagar
1248,IROBOTBOX,Anand
1249,ISEE 360,Bhuj
1250,ISOMARS,Ahmedabad
1251,IT DISPLAY,Sanand
1252,IT KING JPR,Bhavnagar
1253,IT SALES,Himatnagar
1254,IT STORM,Himatnagar
1255,IT TECH SOLUTIONS,Rajkot
1256,ITBUSINESS2017,Rajkot
1257,ITIANS,Himatnagar
1258,ITTSTOREE(EXCLUSIVE STORE),Jamnagar
1259,Ibuy Online,Surendranagar
1260,Icons-Mumbai Asus / MSI Authorize Partner,Rajkot
1261,Impact services,Bhuj
1262,ImplyWorld,Surendranagar
1263,Importkar India,Surat
1264,Impulse Sealer,Bhavnagar
1265,Indeals,Rajkot
1266,Independence  offers_SLP,Ahmedabad
1267,India Buy Best,Anand
1268,India Ecom,Surat
1269,India INC.,Bhuj
1270,India Sales Corp,Bhuj
1271,India Trading Company,Sanand
1272,India.Mart,Vadodara
1273,IndiaCart,Bhuj
1274,IndiaMart Electronics®,Rajkot
1275,India_Retail,Bhuj
1276,Indian Computer Technology,Anand
1277,Indian Hobby Shop,Sanand
1278,Indian Trading,Anand
1279,Indian crockery house,Sanand
1280,Inditradition ®,Himatnagar
1281,Indocool,Rajkot
1282,Infallible Deals,Bhavnagar
1283,Infinite IT Solutions & Services,Anand
1284,Infiniticomputers,Bhuj
1285,Infinitum Retail,Jamnagar
1286,Infinity Games,Jamnagar
1287,Infinity e ventures,Bhuj
1288,InfinityStores,Rajkot
1289,Ink Cartridge Shop,Surendranagar
1290,Inkart Retail,Surat
1291,"Inkcaboodle, DELHI",Himatnagar
1292,Innersetting,Himatnagar
1293,Innotech Lifecare,Sanand
1294,Innovative E-Store,Himatnagar
1295,Innovative IT,Anand
1296,Innovegic Mart,Jamnagar
1297,Inreco,Surendranagar
1298,Instrukart Holdings,Bhavnagar
1299,International Hub,Surendranagar
1300,Involve Your Senses,Anand
1301,Ish Traders,Bhuj
1302,Ishan Electricals,Bhuj
1303,Ishant  E Store,Himatnagar
1304,Isupersport,Himatnagar
1305,Itdeals,Rajkot
1306,Ivaan,Bhuj
1307,Izcorp India,Bhavnagar
1308,Izoo®,Jamnagar
1309,J H MART,Surendranagar
1310,J P Sales,Jamnagar
1311,J. C. ENTERPRISE,Surat
1312,J.C.Sales,Himatnagar
1313,"J.K.ENTERPRISES""",Ahmedabad
1314,J.S.R TEXTILES,Bhuj
1315,JAGDAMBA MULTISERVICES,Surat
1316,JAI JALARAM GIFT & STATIONARY,Bhuj
1317,JAI KISHAN ENTERPRISES,Ahmedabad
1318,JAIKARA,Rajkot
1319,JAIN & BROTHERS,Jamnagar
1320,JAINAM SHOPPING MART,Sanand
1321,JAPSBAG,Jamnagar
1322,JAPTEC,Rajkot
1323,JAS PVT LTD,Anand
1324,JAY DURGA MOTORS,Surat
1325,JAY MEDICALS,Jamnagar
1326,JAYSON ACCESSORIES,Jamnagar
1327,JAZZ FASHIONS,Bhavnagar
1328,JBB Retail,Bhuj
1329,JBS Corporation,Jamnagar
1330,JHA & BROTHERS,Jamnagar
1331,JINKRYMEN,Anand
1332,JJMEHTA Mumbai,Surendranagar
1333,JK GUPTA,Surendranagar
1334,JK India,Sanand
1335,JMAGS,Anand
1336,JMD ENTERPRISES 24X7,Anand
1337,JMD Global Sales,Surat
1338,JMD Helmets,Bhavnagar
1339,JMD Traders 001,Sanand
1340,JMD Traders1,Anand
1341,JN Retails,Bhavnagar
1342,JOTIY NAGAR,Jamnagar
1343,JPS Lifestyle Products,Jamnagar
1344,JPSmartStore,Ahmedabad
1345,JSB Healthcare,Surat
1346,JSC RETAIL,Surendranagar
1347,JSD PRO,Surendranagar
1348,JTJ INDIA RETAIL,Anand
1349,JUMMAH ELECTRONICS,Rajkot
1350,JUNOS,Surat
1351,Jackpot Dealz,Rajkot
1352,Jadagamba Electrical,Bhuj
1353,Jade Spade,Ahmedabad
1354,Jagdamba etraders,Sanand
1355,JaguarServices,Himatnagar
1356,Jagyogi Enterprises,Surendranagar
1357,Jain-E-Shop,Surat
1358,Jajoria Store,Surat
1359,Janjua Sports,Sanand
1360,Jass Home Decor,Jamnagar
1361,Jay International,Ahmedabad
1362,Jay gurudev tailoring material™,Vadodara
1363,Jha&bros FREE Additional 90 days Warranty services,Jamnagar
1364,Jibin Agencies,Bhavnagar
1365,Jilani® Trading,Anand
1366,Jindal Trading,Himatnagar
1367,Jinendra infotech,Surendranagar
1368,Jjt traders,Surat
1369,JnY Entertainment,Sanand
1370,JollyBuy,Ahmedabad
1371,Jumbo Retails,Ahmedabad
1372,Jungleaid,Bhuj
1373,Juniors Junction,Vadodara
1374,Just Deal Mart,Bhavnagar
1375,Just Smart Products,Rajkot
1376,Jyoti Devi,Bhuj
1377,Jyoti Infocom,Bhavnagar
1378,K London,Rajkot
1379,K N ENTERPRISES 1,Himatnagar
1380,K.M.ENTERPRISES,Bhavnagar
1381,K5SPORTS,Surendranagar
1382,KAAMDHENU,Rajkot
1383,KALYAN ENTERPRISES UDAIPUR,Surendranagar
1384,KAMALANJ TRADING CO,Vadodara
1385,KAMDHENU SPORTS,Surendranagar
1386,KAN & STYLE 98,Anand
1387,KANISH SALES,Rajkot
1388,KARUNAENTERPRISES,Bhuj
1389,KAS CREATION,Bhuj
1390,KATALYSST,Surendranagar
1391,KB HOME PRODUCTS,Surat
1392,KCM_STORE,Surat
1393,KESARIYA AGENCIES,Jamnagar
1394,KESL,Bhuj
1395,KG ENTERPRISES ONLINE,Anand
1396,KGK AGENCIES,Rajkot
1397,KGL Trading,Surat
1398,KIDA Retail Private Ltd,Vadodara
1399,KIDOFLY INDIA,Bhuj
1400,KINNARAS TRADING CO.,Rajkot
1401,KK eStore,Bhavnagar
1402,KLICKHIGH,Surat
1403,KM&Co,Bhavnagar
1404,KMAX INDIA,Sanand
1405,KNG NZ 83,Surendranagar
1406,KOP TECHNOS,Vadodara
1407,KPA,Himatnagar
1408,KPH Sales,Bhavnagar
1409,KPSalesIndia,Bhuj
1410,KRISHNA A2Z,Surendranagar
1411,KRISHNA ELECTRICALS & HARDWARES,Sanand
1412,KRISHNA ENTERPRISES KINWAT,Jamnagar
1413,KRIVA ENTERPRISE,Himatnagar
1414,KULDEEP CAR ACCESSORIES,Vadodara
1415,KUMBH MELA DISCOUNT OFFER 9458512100,Bhuj
1416,KUSHWAHA TRADERS,Vadodara
1417,KVG Fashion,Sanand
1418,KVM RETAIL,Jamnagar
1419,Kabello® - Kanika Enterprises,Vadodara
1420,Kaira Accessories,Vadodara
1421,Kalptaru Trade,Vadodara
1422,Kamal.Traders,Rajkot
1423,Kamel enterprises,Himatnagar
1424,Kanha Retails,Anand
1425,Kanhaiya Enterprises(KE) Dhanbad,Vadodara
1426,Kapileshwar Trading,Anand
1427,Karnimaaji,Ahmedabad
1428,Kart Trade,Bhavnagar
1429,KashiEnterprises,Bhuj
1430,Kasnox,Surat
1431,Kaushal Sports Industries,Surat
1432,Kayra Decor,Sanand
1433,Kb Traders,Bhavnagar
1434,Keerti Agencies,Rajkot
1435,Kejriwal Electronics Ltd,Rajkot
1436,Keshav Industries.,Rajkot
1437,Khandelwal enterprises paota,Ahmedabad
1438,Khanna enterprise,Himatnagar
1439,Kharesiya Group,Anand
1440,Kharidiye dot com,Bhuj
1441,Khel Kood,Anand
1442,Khem singh enterprises,Vadodara
1443,Khurana_Store,Surat
1444,Khushi Musicals,Anand
1445,Khushi NX,Rajkot
1446,KiViS Retail,Sanand
1447,Kid's World India,Vadodara
1448,KidabyCom,Sanand
1449,Kids Gate Games,Bhuj
1450,Kids Haveli,Anand
1451,Kids Treasures,Surat
1452,Kindle Retail,Vadodara
1453,King Security~,Rajkot
1454,King automotives,Anand
1455,KiranaMarket,Surendranagar
1456,Kiron,Bhuj
1457,Kirti online,Sanand
1458,Kitchen Mart,Jamnagar
1459,Kitchen solutions,Rajkot
1460,Kitchenking,Rajkot
1461,Klick Technology,Sanand
1462,Knexmart,Sanand
1463,Kochar Computers,Bhuj
1464,Kosmic Square,Ahmedabad
1465,Kosmētika,Bhuj
1466,KraftIndia,Surendranagar
1467,Krazzy Deal,Bhuj
1468,KrishCommerce,Sanand
1469,Krishna Computers indore,Sanand
1470,Krishna Creators,Jamnagar
1471,Kritika Enterprises Cosmetic,Anand
1472,Krushna Computer,Surendranagar
1473,Ktrack International,Sanand
1474,Kukatoo,Anand
1475,Kurtzy-India,Vadodara
1476,L G OVERSEAS,Surendranagar
1477,L N Tech Computers,Surendranagar
1478,L. B. PRINERS,Surat
1479,L.R.S (INDIA),Bhavnagar
1480,LAFFALE INTERIO SOLUTION,Surendranagar
1481,LAPTOP store,Sanand
1482,LEARNIX,Ahmedabad
1483,LED AND HOMETHEATRE MART CHENNAI,Jamnagar
1484,LEECHY UTILITIES,Himatnagar
1485,LENS HOOD DEALS,Himatnagar
1486,LIBRA COM CORP,Jamnagar
1487,LIFE AND ART ACADEMY,Sanand
1488,LIFESTYLES,Ahmedabad
1489,LINETEK ENTERPRISES,Himatnagar
1490,LION DEAL,Sanand
1491,LIQUIDO SOLUTIONS,Vadodara
1492,LITTLE MILLENNIUM EDUCATION PRIVATE LIMITED,Himatnagar
1493,LITTLE TOYS,Vadodara
1494,LOKENATH COMPUTERS,Vadodara
1495,LOKESH ELECTRONICS,Bhuj
1496,LOTUSTECHNOLOGIES,Bhuj
1497,LOVEMUSIC,Bhavnagar
1498,LOWEST PRICE SHOP,Bhuj
1499,LOWEST PRICE SHOP-1,Surat
1500,LSSales,Surendranagar
1501,LabKart India Pvt Ltd,Anand
1502,Laddu Gopal Poshak,Surat
1503,Lakshita Shop!!,Surat
1504,Lakshmi Electronic,Jamnagar
1505,Lakshmi Enterprises....,Bhavnagar
1506,Lakshmigraha Worldwide INC,Ahmedabad
1507,Lance Retail,Rajkot
1508,Laptop World.,Ahmedabad
1509,Laxmiganapathi enterprises,Bhuj
1510,Laxsun,Jamnagar
1511,Le Younkers Retail,Jamnagar
1512,Leather Retail,Vadodara
1513,Lehnn and Me,Surendranagar
1514,Lets Buy,Bhuj
1515,Leverage Science And Technologies Limited,Vadodara
1516,Lexica,Rajkot
1517,Lifestyle Fashions,Himatnagar
1518,Lifestyle Solutions,Surat
1519,Lightning_Dealz,Anand
1520,Lilypunk,Ahmedabad
1521,Linkcon,Rajkot
1522,Liolis,Bhuj
1523,Littly,Ahmedabad
1524,Livzing,Himatnagar
1525,LogisyzTech,Bhavnagar
1526,London Hills,Jamnagar
1527,LondonStreet,Himatnagar
1528,Lordkrishna's,Bhuj
1529,Loreto,Surat
1530,Lotus Marketing and company,Surendranagar
1531,Lovely Arts collection,Anand
1532,Lucky Pen Center,Vadodara
1533,Lyallpur Stores,Surat
1534,M 7 e TRADERS,Bhavnagar
1535,M D  ENTERPRISE,Ahmedabad
1536,M G Electronics,Vadodara
1537,M MEGA MART™,Ahmedabad
1538,M-TECHNO,Sanand
1539,M-Tech,Himatnagar
1540,M. S. TRADING CO.,Bhuj
1541,M.A Enterprise,Anand
1542,M.G.R,Surendranagar
1543,M.P.Enterprises,Himatnagar
1544,M.R. ENGINEERING,Surat
1545,M.R.Computers,Rajkot
1546,M.S.TRADERS-FBA-SLP SAMSUNG AUTHORISED,Sanand
1547,M.V.S.N,Rajkot
1548,M/S - TECHGURU,Surat
1549,M/S Akhilesh,Ahmedabad
1550,M/S COOL DUDE,Sanand
1551,M/s Gifts World,Rajkot
1552,M/s Samriddhi Ecom,Bhuj
1553,M/s Vamika Trading Company,Surat
1554,M/s. PAPYRUS,Sanand
1555,M2traders,Anand
1556,MAA KU,Bhavnagar
1557,MAA SARODA PHARMACEUTICAL,Anand
1558,MADHAV MARKETING,Jamnagar
1559,MAGIC BELLZ,Vadodara
1560,MAGIC VAULT,Sanand
1561,MAHADEV SPORTS MEERUT CITY,Surendranagar
1562,MAHALAXMI DISTRIBUTOR,Vadodara
1563,MAHANANDI WEB SERVICES,Himatnagar
1564,MAHAVIR ELECTRONICS ME,Anand
1565,MAK_MART,Surat
1566,MANDEEP SERVICES,Himatnagar
1567,MARKS A,Rajkot
1568,MARUTI1,Vadodara
1569,MASTER ACCESSORIES,Sanand
1570,MATRIX TRADE CON,Vadodara
1571,MATTRIX INTERNATIONAL,Anand
1572,MAXBOOST,Vadodara
1573,MAXEEMISER,Surendranagar
1574,MAXUS IT,Anand
1575,MAYANK. ENTERPRISES,Bhavnagar
1576,MB VISION,Bhuj
1577,MBI Store,Anand
1578,MBMInnovations,Rajkot
1579,MDENTERPRISES0901,Rajkot
1580,MEDNOX LIFE SCIENCE,Surat
1581,MEGADEALS 27,Jamnagar
1582,METRO INSTRUMENTS,Surendranagar
1583,MEXTECH TECHNOLOGIES  INDIA PVT LTD,Bhuj
1584,MGENTERPRISE,Rajkot
1585,MGR ENTERPRISES,Bhavnagar
1586,MHV TECHNOLOGIES,Ahmedabad
1587,MICROMINI,Anand
1588,MIRAZ,Anand
1589,MKIP,Rajkot
1590,MM Sales Corporation,Rajkot
1591,MMR Mades,Bhavnagar
1592,MOBILE DEALS,Bhuj
1593,MOBITRONIC_SLP-SAMSUNG AUTHORIZED,Jamnagar
1594,MOGAPPAIR SHOPPEE,Bhavnagar
1595,MOHIT RAKHI,Ahmedabad
1596,MOMAI ENTERPRISE,Bhavnagar
1597,MONICAI,Anand
1598,MORGAN FILTRATION,Surat
1599,MOTHERS HOME APPLIANCES,Vadodara
1600,MOTI ART,Vadodara
1601,MOVIEZONE,Rajkot
1602,MPG GROUP PVT LTD™,Sanand
1603,MPS PVT. LTD,Surendranagar
1604,MR SCIENTIFIC CENTER,Anand
1605,MR stationery store,Ahmedabad
1606,MR. TRUMP (100% QUALITY PRODUCTS)™,Anand
1607,MRGDT,Jamnagar
1608,MSALE,Surat
1609,MSN Enterprises2015,Bhuj
1610,MUMBAI SELLER,Rajkot
1611,MURGAN,Surendranagar
1612,MUSIC  KING,Anand
1613,MUSIC CRAFT,Anand
1614,MUSIC N BEYOND,Rajkot
1615,MV Inforways,Surat
1616,MV VENTURES,Ahmedabad
1617,MY Choices ID,Vadodara
1618,MYBERRY,Himatnagar
1619,MYCAR ADDON,Sanand
1620,Maa Gaytri ELECTRICALS,Himatnagar
1621,Maadurgacreation,Surat
1622,Maayra ColorWorld,Bhavnagar
1623,Mack Retail,Rajkot
1624,Madaan communication,Vadodara
1625,Madipakkam Sports,Vadodara
1626,Madura Tools and Pneumatics,Jamnagar
1627,Magnum electronics,Ahmedabad
1628,MahajanSports,Himatnagar
1629,Mahalaxmi Paper Products,Himatnagar
1630,Mahaveerelectronics,Surat
1631,Mahavir Sports And Fitness,Anand
1632,Mahesh Creations Store,Bhuj
1633,Mahesh General & Fancy Store.,Himatnagar
1634,Mahesh unique collections,Bhuj
1635,Mahna Auto Store,Surendranagar
1636,Makemydeal,Jamnagar
1637,Malhotra electronics.,Vadodara
1638,Manan Trading,Ahmedabad
1639,Mandhania E-Commerce,Rajkot
1640,Mani Sales,Vadodara
1641,Manoj Kumar Aggarwal,Sanand
1642,Mansi Filaments PVT. LTD,Vadodara
1643,Marche Ricche fashion,Surendranagar
1644,Marine Pearl,Bhavnagar
1645,MarshallsPetZone,Himatnagar
1646,Master Mind Computers,Rajkot
1647,MatLogix,Vadodara
1648,Maxcore Technologies®,Anand
1649,Maxine Electrical,Himatnagar
1650,MaxxGallery,Surat
1651,Mayfly Books,Himatnagar
1652,Mayur Stationers,Vadodara
1653,Mee Mee,Anand
1654,Meenu Surgicals,Himatnagar
1655,Meera-Enterprises,Bhuj
1656,Meeso International,Jamnagar
1657,Mega Global,Rajkot
1658,Mehta Ent,Vadodara
1659,Meili,Anand
1660,Memory Zone,Rajkot
1661,Meru Enterprises,Himatnagar
1662,Metaphor Store,Surat
1663,Metro Enterprise,Sanand
1664,Metro Mart India,Bhuj
1665,Metroz Enterprises.,Vadodara
1666,Meya Happy®,Sanand
1667,Milestone Info Solutions,Bhuj
1668,Minti Ji,Ahmedabad
1669,Miracle Retail,Bhavnagar
1670,Mittal Power System,Rajkot
1671,Mittal chemist,Surat
1672,MittalDistributors,Jamnagar
1673,MoMaSa,Bhavnagar
1674,Mobi House_SLP,Vadodara
1675,MobiNok(Brand Authorised Seller ),Vadodara
1676,MobilEWorlD,Anand
1677,Mobile Forum,Surat
1678,Modern Equipments,Vadodara
1679,Modern Tech.,Sanand
1680,ModernStores2017,Sanand
1681,Monalisa bags,Surendranagar
1682,Moonlight Express,Surendranagar
1683,Morya Super Shoppee,Jamnagar
1684,MotoRogue,Rajkot
1685,MpkrtRetailNet,Himatnagar
1686,Ms Enterprises 007,Anand
1687,Muchacho India,Anand
1688,Mudra Retail,Ahmedabad
1689,Mufubu,Sanand
1690,Muggles International,Bhavnagar
1691,MultiStore25,Himatnagar
1692,Mumtaj beauty palace,Jamnagar
1693,Musee Musical Pvt Ltd,Himatnagar
1694,Music Chub,Surat
1695,Music Corner Chandigarh,Jamnagar
1696,Music Lovers India,Anand
1697,Music Tycoons,Surat
1698,Music ville pvt ltd,Surendranagar
1699,Music&more,Jamnagar
1700,MusicWale,Surat
1701,Musician Jack,Himatnagar
1702,Musician's Point,Bhuj
1703,My Beauty Bazaar,Anand
1704,My Nutra Mart,Bhuj
1705,My bags.,Jamnagar
1706,MyComputers,Surendranagar
1707,MyGameShop Kolkata,Sanand
1708,MyITonline,Surendranagar
1709,MyKart99,Vadodara
1710,MyPryce,Jamnagar
1711,MyTechVision,Surendranagar
1712,Mycica,Surat
1713,Mydeal365,Bhavnagar
1714,Myhealthycopper,Bhavnagar
1715,N Choice Bags,Jamnagar
1716,N K Gupta & Co.,Jamnagar
1717,N-Mediatech,Anand
1718,N. K. MARKETING,Anand
1719,N.S.N. ENTERPRISE,Surendranagar
1720,N.V.C.,Surat
1721,NAHAR ENTERPRISES.,Vadodara
1722,NAIKY,Surendranagar
1723,NAMO 2019,Jamnagar
1724,NAMO DIGITAL INDIA,Bhavnagar
1725,NATURAL BUTTERFLY,Anand
1726,NAV Electricals,Sanand
1727,NAVKAR !!,Surendranagar
1728,NAVKAR SOLUTION POINT BIKANER,Surat
1729,NAVKAR SYSTEMS,Bhuj
1730,NAVYA TRADERS,Anand
1731,NAYKA®,Rajkot
1732,NAYSA,Anand
1733,NEELESH LIGHT HOUSE,Sanand
1734,NETGEN,Anand
1735,NETWORKING DEALS,Sanand
1736,NEW BHATIA HARDWARE AND PAINT STORE,Surendranagar
1737,NEW COMPUTER POINT,Anand
1738,NEW ERA TECH,Vadodara
1739,NEW GOODLUCK G STORE,Sanand
1740,NEW2018,Rajkot
1741,NEWBORN KIT,Jamnagar
1742,NEWTECH inc,Jamnagar
1743,NEXPER,Bhavnagar
1744,NI-TECH,Surendranagar
1745,NIS COMPUTER,Ahmedabad
1746,NISUN INC.,Rajkot
1747,NIVEDITAOVERSEAS,Jamnagar
1748,NMPL(NOISE),Bhavnagar
1749,NO WORRY SPORTS2,Ahmedabad
1750,NOVATECHWORLD,Rajkot
1751,NPI Fitness,Surendranagar
1752,NPRC,Bhavnagar
1753,NRMART,Anand
1754,NRS Group,Himatnagar
1755,NS IT Mart,Rajkot
1756,NTCmark,Himatnagar
1757,NaTiVe StOrE,Vadodara
1758,Nakoda Cellular,Bhuj
1759,Nakoda Tech,Rajkot
1760,Nakoda Trading,Vadodara
1761,Nakul traders electronics zone,Bhuj
1762,Nallu Infotech,Anand
1763,Namoh Namoh,Sanand
1764,NandaTara,Surendranagar
1765,Nandi home appliances,Surat
1766,Nandwani Enterprises,Anand
1767,Naomika Enterprises,Anand
1768,Narendra chhabda,Sanand
1769,Narpatsingh9791067525,Bhuj
1770,Nash Convergent Solutions,Surendranagar
1771,National-shoppe,Surat
1772,Natural and tile selling,Ahmedabad
1773,Naughty Cosmo,Rajkot
1774,NayanPrashant Enterprises,Rajkot
1775,NeedyBee,Bhavnagar
1776,Nehal Infotech,Vadodara
1777,Neil Enterprises,Sanand
1778,Neminath Electricals,Jamnagar
1779,Nervy Technologies,Bhuj
1780,Neudigitronics,Anand
1781,New Age Enterprises,Jamnagar
1782,New Online Deals,Bhavnagar
1783,New Online Fashion,Jamnagar
1784,New Super Star Selections,Bhavnagar
1785,New Tech World,Bhuj
1786,New Webshoppers,Jamnagar
1787,New Year Dhamaka,Bhavnagar
1788,New York Plaza,Bhavnagar
1789,New fashion 4 U,Surat
1790,Next World Retail,Surendranagar
1791,Nexus marketing Bhopal,Vadodara
1792,NexusCorp®,Bhuj
1793,Nice Line Bags,Surendranagar
1794,Night Hawk,Bhavnagar
1795,NikZone,Bhavnagar
1796,Nikhil Gandhi traders,Bhuj
1797,Nilssons music,Surat
1798,Nilvarna Handicraft,Himatnagar
1799,Nimble house,Sanand
1800,Nimbose®,Rajkot
1801,NionAI,Surendranagar
1802,Nirmalsale,Rajkot
1803,Nischal Impex,Surendranagar
1804,Nishadil Retails,Rajkot
1805,Nishka Technologies,Surat
1806,Nitesh Electronics,Ahmedabad
1807,Nithi Enterprise,Ahmedabad
1808,Njoy-Buying,Rajkot
1809,NoWorrry,Anand
1810,Nohunt,Bhavnagar
1811,Noor Enterprise873,Sanand
1812,Nostro Store,Himatnagar
1813,NoteKart,Bhuj
1814,Novelty Smart Kitchen,Bhavnagar
1815,Novex,Bhavnagar
1816,Nst online,Himatnagar
1817,NumBrave,Sanand
1818,Nureca Inc USA,Surendranagar
1819,NurecaInd,Bhuj
1820,Nutan medical hall,Ahmedabad
1821,Nutrition xp,Bhavnagar
1822,NyCraze,Ahmedabad
1823,O Three,Surendranagar
1824,O.C.SHAH & CO,Bhavnagar
1825,O.S TRADERS,Jamnagar
1826,OJASVI HERBS,Rajkot
1827,OL ELECTRONICS,Surat
1828,OM INDUSTRIES INDIA,Rajkot
1829,OM RETAIL.,Sanand
1830,OM SAI CAR DECOR,Jamnagar
1831,OMBUZZ SERVICES,Sanand
1832,OMOTON Mall,Surat
1833,ON GATE®,Bhuj
1834,ONKĀR,Rajkot
1835,ONLINE ALL IN ONE SHOPPE,Ahmedabad
1836,ONLINE BUZZ,Vadodara
1837,ONLINE DTH SHOP,Bhavnagar
1838,ONLINE HUT,Anand
1839,ONLINE SHOP 24,Vadodara
1840,ONLINE TRENDZ,Jamnagar
1841,ONLINEMANTRA,Rajkot
1842,ONLINESURYAA,Bhavnagar
1843,OPAS PRODUCT,Anand
1844,OPERA HOUSE,Bhuj
1845,OPG Sourcing,Anand
1846,OR CONSULTANTS,Himatnagar
1847,ORBKART,Bhavnagar
1848,OVIO,Himatnagar
1849,OWN INDIA TRADERS,Surendranagar
1850,Oaksnaps,Himatnagar
1851,Ocean Communication & Systems,Himatnagar
1852,Oceans Trade,Surat
1853,Oddish way to fitness,Jamnagar
1854,Odila Zone,Vadodara
1855,Oero Pvt ltd,Ahmedabad
1856,Official Digital Vengeance,Bhuj
1857,Offimart™.,Bhavnagar
1858,Oggin Tech,Rajkot
1859,Okayji,Surat
1860,Olab Industries,Ahmedabad
1861,Olympia Electronics SLP,Rajkot
1862,Olympia Industries Ltd.,Anand
1863,Om Beauty,Surendranagar
1864,Om Sai Computers79,Surendranagar
1865,Om Technocraft,Bhavnagar
1866,Om Trading Company..,Himatnagar
1867,Om plastic business,Himatnagar
1868,OmTech,Sanand
1869,Omenterprises59,Rajkot
1870,Omnisleep Solutions,Vadodara
1871,OnRoute Tech Pvt Ltd,Sanand
1872,Onam Retail,Vadodara
1873,One STOP Shop®,Surendranagar
1874,One n Seven Crew,Bhuj
1875,OneStop Traders,Rajkot
1876,Online BGA,Jamnagar
1877,Online Boss,Anand
1878,Online IT World,Anand
1879,Online Monk,Surendranagar
1880,Online Retail Sales,Sanand
1881,OnlineBee,Bhuj
1882,Ontime™,Sanand
1883,Open Road Ventures,Vadodara
1884,Oraima Electro Power,Surendranagar
1885,Orange E store,Himatnagar
1886,Orgner,Sanand
1887,OriginShop,Jamnagar
1888,Original Car Key Covers,Rajkot
1889,Original cartridge store,Rajkot
1890,Oshop Trades,Anand
1891,Ozone technologies,Rajkot
1892,Ozoy®,Vadodara
1893,P.U.P.S,Sanand
1894,P.s. sales And Services,Surendranagar
1895,PA ENTERPRISES08,Vadodara
1896,PABUJI ENTERPRISES,Surat
1897,PACKIA JAYANTHI TECHNOLOGIES,Rajkot
1898,PACKIT,Vadodara
1899,PADMAVATHI  DISTRIBUTORS,Rajkot
1900,PAM TRADERS,Surendranagar
1901,PARADISE INDIA,Rajkot
1902,PARADIZE TECH,Ahmedabad
1903,PARDZWORLD,Bhuj
1904,PARI-TECH,Bhavnagar
1905,PARSHVA TRADING,Surendranagar
1906,PARV SALES,Jamnagar
1907,PARVEEN STORE,Rajkot
1908,PATANJALI SWADESHI KENDRA,Bhuj
1909,PATNA COMPUTERS PVT LTD,Himatnagar
1910,PAYSTORE,Surendranagar
1911,PAZZO,Surendranagar
1912,PC DOCTORS,Sanand
1913,PC SECURE,Vadodara
1914,PC.LAB,Vadodara
1915,PEAK INTERNATIONAL,Ahmedabad
1916,PEC Company,Ahmedabad
1917,PERIYASAMY TRADERS,Bhuj
1918,PETWHOLESALEDOTIN,Jamnagar
1919,PH Artistic,Surat
1920,PHOTO POINT DELHI,Vadodara
1921,PICKNGRAB OFFICIAL,Rajkot
1922,PINK TRADERS,Surendranagar
1923,PINNACLE ELECTRONICS,Vadodara
1924,PIONEER SPORTS,Ahmedabad
1925,PIONEER SPORTS ONLINE,Sanand
1926,PITZO ONLINE,Rajkot
1927,PK Fitness Yoga Mat Pvt Ltd,Surat
1928,PK Mobiles,Rajkot
1929,PKR SALES,Bhuj
1930,PLTyfsail,Surendranagar
1931,PMP Infoservices Pvt. Ltd.,Sanand
1932,POLESTAR-BAGS,Surat
1933,POOJA TRADING,Surendranagar
1934,PRAGMATIC EMBD SOLUTIONS,Bhavnagar
1935,PRAKASH GARMENTS,Jamnagar
1936,PRASHANT ELECTRICALS,Bhuj
1937,PREET HOME APPLIANCES,Sanand
1938,PRIME CREATION,Bhavnagar
1939,PRINTER HUB,Bhavnagar
1940,PRINTERS HUB,Surat
1941,PRO365®,Vadodara
1942,PRODUCT GALLERY,Sanand
1943,PRODUCTMINE  ®,Surat
1944,PROKLEAR®,Surendranagar
1945,PROMAC,Ahmedabad
1946,PS Enterprises.,Bhuj
1947,PTpodsm,Himatnagar
1948,PUNEET SPORTS GALLERY,Sanand
1949,PUSHBRITE,Jamnagar
1950,PYRAMID21,Vadodara
1951,Pack N Promo,Anand
1952,Packkart,Rajkot
1953,Pados Ki Dukaan,Bhavnagar
1954,Palak Agencies,Vadodara
1955,Palm Retail,Bhavnagar
1956,Palred Retail,Bhuj
1957,Pande General Agency,Ahmedabad
1958,Pankajtelevideocentre,Ahmedabad
1959,Paper Plane Design,Anand
1960,ParadiseCollection,Sanand
1961,Paradox India,Anand
1962,Param Udyog,Ahmedabad
1963,Paras Electricals,Rajkot
1964,Parashar's Sports,Bhavnagar
1965,Parijata,Anand
1966,PartsBigBoss,Surat
1967,Partyhunters,Bhuj
1968,PatelCom Store,Bhavnagar
1969,Patidar Computers,Bhavnagar
1970,Patra Bhandar,Surendranagar
1971,Pattam Agencies,Surat
1972,Pavan Retailing,Vadodara
1973,Paws for a cause,Bhuj
1974,Paykars,Bhuj
1975,PcBucket,Anand
1976,Pcs System,Bhavnagar
1977,Peach Imports,Anand
1978,Pearls Rays,Rajkot
1979,PeehuEnterprises,Vadodara
1980,Penz Solutions,Surendranagar
1981,Per Day Deal,Surat
1982,Perfect Online Deals,Ahmedabad
1983,Perfect Pricee,Vadodara
1984,Perfect Sales India,Rajkot
1985,Perfect world computer,Jamnagar
1986,PerryFerric Retail,Bhuj
1987,Perusal,Surendranagar
1988,Pet Hub,Ahmedabad
1989,Pet adda,Surendranagar
1990,PetSutra,Bhavnagar
1991,Pets Kingdom,Surat
1992,Photoking Retail,Ahmedabad
1993,PickTheDeal,Bhavnagar
1994,Pilot Sports,Ahmedabad
1995,Pilot Sports Co.,Anand
1996,Planet India,Rajkot
1997,Play Panda,Rajkot
1998,Playmart India,Ahmedabad
1999,Plenzo,Surendranagar
2000,Plus Kart SLP,Jamnagar
2001,Plus Point Marketing,Bhavnagar
2002,PointHai Com,Sanand
2003,Pooja Concepts,Himatnagar
2004,Pooja electricals & hardwares,Vadodara
2005,Popscart,Sanand
2006,Popular Electronics Mumbai,Rajkot
2007,Positive connections,Surat
2008,Pournami Engineering Solutions,Himatnagar
2009,Power fit,Surendranagar
2010,Power-Fit,Rajkot
2011,PowerPak CameraZone,Bhuj
2012,Powermax Fitness India Pvt. Ltd.,Sanand
2013,Prabha security,Surendranagar
2014,Prachi Computers,Bhavnagar
2015,Prana Air,Rajkot
2016,Prayag enterprises,Ahmedabad
2017,Premier Appliances N Electricals,Bhavnagar
2018,Premium-Design,Bhuj
2019,Premium-X,Rajkot
2020,Presidency Cycles,Himatnagar
2021,Pretty Krafts,Ahmedabad
2022,Prettyia IN,Sanand
2023,Price Perfect Enterprises,Jamnagar
2024,Prilin Enterprises,Surat
2025,Primarc Pecan Retail,Bhuj
2026,Prime Stationary,Himatnagar
2027,Prime Store(ME),Anand
2028,Prime Trader,Bhavnagar
2029,Prime World,Sanand
2030,Prime-Global,Jamnagar
2031,Primedeal™,Sanand
2032,Prince Enterprise India,Bhavnagar
2033,Prince products,Surat
2034,Prince-Mobile,Surat
2035,Printdoot Corporation,Surendranagar
2036,Pritam Music Pvt. Ltd.,Surat
2037,Pritroniks Technologies,Ahmedabad
2038,Pro Active Sports,Bhuj
2039,Pro Gadget India,Sanand
2040,Pro Smart IT Solutions,Himatnagar
2041,ProAudioVideo,Bhuj
2042,Profitech Communication™,Anand
2043,Proshop,Ahmedabad
2044,Prosol Technologies,Himatnagar
2045,Protech.,Ahmedabad
2046,Protokart,Bhavnagar
2047,Proton Delhi,Jamnagar
2048,Proton mumbai,Ahmedabad
2049,Pruthvik Enterprise,Bhuj
2050,PudongIN,Anand
2051,Puma Sports India,Bhuj
2052,Punnkk,Anand
2053,Pup Kart,Rajkot
2054,Pupkart,Surendranagar
2055,Q Tech Engineering,Himatnagar
2056,QFX9,Sanand
2057,QUALITY TEAM-AMZ,Himatnagar
2058,QUARTZITE™,Bhuj
2059,QUICKMART,Surat
2060,QUIDDITY RETAILS LLP,Himatnagar
2061,Qc_checked,Anand
2062,Qilya,Sanand
2063,Quace Solutions,Vadodara
2064,Quality Gadgets,Rajkot
2065,Quality WIth Satisfaction Shop,Surendranagar
2066,Qualitymartss,Rajkot
2067,Querencia,Bhuj
2068,QuicKart (3-Strips),Bhuj
2069,Quims,Ahmedabad
2070,Quinze Products,Anand
2071,QwickDeal Online Shopping Private Limited,Sanand
2072,QwikCilver Solutions Pvt. Ltd,Anand
2073,R & R,Bhavnagar
2074,R A C H N A,Surendranagar
2075,R D Retail,Surendranagar
2076,R K AGENCIES.,Surendranagar
2077,R N PROMOTERS,Jamnagar
2078,R S Sales,Anand
2079,R S TRADERS DELHI,Surat
2080,R k Retail,Bhavnagar
2081,R-shield,Rajkot
2082,R.B. Collection,Jamnagar
2083,R.C. Store,Ahmedabad
2084,R.D. Retail,Bhuj
2085,R.K. INFOTECH  ONLINE,Ahmedabad
2086,R.K. INTERNATIONAL,Bhavnagar
2087,R.K.Computer(SAI),Sanand
2088,R.R.ENTERPRISES.,Vadodara
2089,R.S ENTERPRISES.,Vadodara
2090,R.S Musics,Bhuj
2091,R.S Retailer,Surat
2092,R.S entp,Anand
2093,R2M3 Enterprise,Rajkot
2094,RA Sellers,Surat
2095,RADIO & GRAMOPHONE HOUSE,Rajkot
2096,RADIXSYSTEMS SERVICES,Rajkot
2097,RAHUL COMPUTECH,Sanand
2098,RAJ AUTO AGENCIES,Bhavnagar
2099,RAJ COSMO CARE,Bhuj
2100,RAJA BAZAAR,Surendranagar
2101,RAJA TV CENTRE,Vadodara
2102,RAJARSHI,Bhuj
2103,RAJU COMMUNICATION.,Bhavnagar
2104,RAJU TOYZ,Surendranagar
2105,RASCO SPORTS,Bhavnagar
2106,RASHMI ENTERPRISES..,Sanand
2107,RASON SPORTS,Bhuj
2108,RATRADERS,Vadodara
2109,RAVI COMPUTER SOLUTIONS,Jamnagar
2110,RAWAT ELECTRONICS,Bhavnagar
2111,RAadhe,Ahmedabad
2112,RBt ONLINE,Ahmedabad
2113,RD World,Ahmedabad
2114,RDX MUSIC STORE,Bhavnagar
2115,REAL BRILLIANCE,Vadodara
2116,REAL_1 STORE,Jamnagar
2117,REES52,Bhuj
2118,RELAXINDIA MARKETING PVT. LTD.,Jamnagar
2119,REPL Retail,Ahmedabad
2120,RESONATE,Rajkot
2121,REURJA SOLUTIONS PRIVATE LIMITED,Rajkot
2122,REYHAAN ENTERPRISES,Sanand
2123,RG ONLINE STORE,Ahmedabad
2124,RH STORE,Himatnagar
2125,RHIME,Himatnagar
2126,RHMART™,Himatnagar
2127,RHYTHMELECTRONICS,Ahmedabad
2128,RIANZ™,Sanand
2129,RIDAM,Sanand
2130,RIDDHI IMPEX SECURITY SYSTEM,Ahmedabad
2131,RIGHT2CART,Rajkot
2132,RKBOOKSHOP,Jamnagar
2133,RMR BRANDS,Vadodara
2134,RMTC,Jamnagar
2135,ROCKETKART,Bhavnagar
2136,ROLLTOP,Rajkot
2137,RONNY SPORTS,Surendranagar
2138,ROOT OF PUSHKAR RECORDS,Jamnagar
2139,ROSSMANN,Surat
2140,ROYALS AUTO SALES,Rajkot
2141,ROYALTRADERS,Himatnagar
2142,ROYAL_SHOPPERS,Ahmedabad
2143,RPATEL®,Surendranagar
2144,RPM Enterprises,Surat
2145,RPM store,Surat
2146,RR Creations,Bhavnagar
2147,RR's,Vadodara
2148,RREnterprise,Bhuj
2149,RRSellZ,Rajkot
2150,RS SHOPPING,Bhuj
2151,RS wholesalers,Bhuj
2152,RSFurnishing,Vadodara
2153,RUDRA COMPUTER AGENCY,Himatnagar
2154,RUDRA CREATIONS INDIA,Vadodara
2155,RUSHI ENTERPRISE,Bhavnagar
2156,RUSTAM HANDICRAFTS,Jamnagar
2157,RXSHOPY,Vadodara
2158,RaJ,Rajkot
2159,Radhasoami Enterprises,Bhuj
2160,Radhey Techno Service,Surendranagar
2161,Radium Box,Anand
2162,Raheem Enterprises,Sanand
2163,Rahul Cycle Store's,Rajkot
2164,Rahul_Traders,Jamnagar
2165,Raincart,Vadodara
2166,Raj Cycles Ldh,Surendranagar
2167,Raj Rajeshwari computer,Jamnagar
2168,"Rajasthan Handloom , Bahadurgarh",Himatnagar
2169,Rajib Electronics,Ahmedabad
2170,Rajmobile Jamner,Surendranagar
2171,Rama's Shop Packers,Himatnagar
2172,Raman GoSain,Jamnagar
2173,Ramenterprise,Bhavnagar
2174,Ramilton India,Bhuj
2175,Rana Trader,Sanand
2176,Rank1infoTech,Surat
2177,Rapid Mart,Vadodara
2178,RapidWorld,Jamnagar
2179,Rapidora.,Anand
2180,Rastogi Bag House,Jamnagar
2181,Ratan'S,Surat
2182,Ratilal Jivanlal Mistri,Rajkot
2183,Ravaana,Sanand
2184,Ravishing Variety,Bhuj
2185,Rawat Shopping Store,Bhavnagar
2186,Rays Tek,Surat
2187,"Real Computers - Asus Exclusive Store, Pune",Himatnagar
2188,Realm India,Himatnagar
2189,Reckon computers,Ahmedabad
2190,Redonez Accessories,Bhavnagar
2191,Redwolf T-shirts,Himatnagar
2192,Reeds Store,Jamnagar
2193,Reflection men's wear,Jamnagar
2194,Regor Direct,Surendranagar
2195,Reiz E-Commerce,Bhuj
2196,Reliable Accessories,Jamnagar
2197,Reliance Home Video & Games,Himatnagar
2198,Relimart,Sanand
2199,Rely Retail,Bhavnagar
2200,Retail Champ,Ahmedabad
2201,Retail Hub,Vadodara
2202,Retail Mart.,Anand
2203,Retail Traders Pvt Ltd,Sanand
2204,Rhythm Divine,Vadodara
2205,Rich Bells,Rajkot
2206,Riddhi siddhi electronics,Bhuj
2207,RiderNight.,Bhavnagar
2208,Rishabh trading,Himatnagar
2209,Rising Sparkle,Anand
2210,Rite Clique,Bhavnagar
2211,RnR Incorporation,Himatnagar
2212,RoadGods,Surendranagar
2213,Robo Inventors,Bhuj
2214,Robotbanao,Ahmedabad
2215,Rock world,Surendranagar
2216,Rockfield,Bhavnagar
2217,Rockingdeals,Vadodara
2218,Rohit and company,Himatnagar
2219,Rohit enterprises2196,Anand
2220,Romaan,Anand
2221,Romaansa,Himatnagar
2222,Roomstyle,Vadodara
2223,Roop Decor,Jamnagar
2224,Rooptolee E-World,Ahmedabad
2225,Rose Musicals instruments,Jamnagar
2226,Rotz®,Ahmedabad
2227,Roy Imaging,Jamnagar
2228,Royal Enovations,Bhuj
2229,Royal Holdings,Bhavnagar
2230,Royal Instrument,Bhavnagar
2231,Royal shine direct,Surendranagar
2232,Roziz,Ahmedabad
2233,Rpi Shop,Vadodara
2234,Ruchi Creatation,Himatnagar
2235,Rudra Retail Store,Rajkot
2236,Rush4toys,Anand
2237,Ryan Overseas,Himatnagar
2238,Ryka collection,Rajkot
2239,S Craze Hub,Bhuj
2240,S R BATTERY SERVICE,Ahmedabad
2241,S S T,Himatnagar
2242,S S TRADERS HYDERABAD,Himatnagar
2243,S S Technovation,Rajkot
2244,S V  ENTERPRISES,Ahmedabad
2245,S bags & Luggage,Bhavnagar
2246,S. Enterprises.,Anand
2247,S.AEnterprises,Jamnagar
2248,S.G Musical,Vadodara
2249,S.K Homes,Vadodara
2250,S.K. Agrawal Traders,Ahmedabad
2251,S.K.Horn Point,Anand
2252,S.R.DISTRIBUTORs,Anand
2253,S.R.S-Luxurious Living For All,Ahmedabad
2254,S.S.T.Z,Sanand
2255,S4D COM,Sanand
2256,SAAMIYA ENTERPRISE,Surendranagar
2257,SAB KA SOLUTION ONLINE,Surat
2258,SADBHAVNA,Vadodara
2259,SAFAR,Jamnagar
2260,SAFETYNET1,Surendranagar
2261,SAGE910,Jamnagar
2262,SAH TRADERS,Bhuj
2263,SAI ENTERPRISES JAIPUR,Anand
2264,SAKET INFOTECH,Rajkot
2265,SALE OF POINT,Surendranagar
2266,SAMEO,Bhavnagar
2267,SANGANESHCOMPUTERS..,Anand
2268,SAR ENTERPRISES 2017,Anand
2269,SARFUDDIN FLUTES,Rajkot
2270,SARTHAK ENTERPRISES,Sanand
2271,SAS Stores,Sanand
2272,SATTO MOBILE WORLD,Bhuj
2273,SATYADEVA ENTERPRISES,Surat
2274,SAUDAGAR,Anand
2275,SAVERA ENTERPRISES,Sanand
2276,SB Agencies,Bhuj
2277,SB International,Bhuj
2278,SBE India,Jamnagar
2279,SC ONLINE,Vadodara
2280,SCOOTERS SPARES MADRAS,Bhavnagar
2281,SD TOP QUALITY,Sanand
2282,SE GLOBAL,Bhavnagar
2283,SE International,Himatnagar
2284,SEASON SALE,Vadodara
2285,SEE INSIDE,Jamnagar
2286,SEEBA ELECTRONICS,Vadodara
2287,SEEKU,Bhavnagar
2288,SELL ON WORLD,Rajkot
2289,SELLING EXPERTS(100% QUALITY ASSURANCE),Rajkot
2290,SENTHIL CHETTIYAR,Bhavnagar
2291,SElectronicsHub,Sanand
2292,SF Live,Surendranagar
2293,SG Trade Concepts,Bhavnagar
2294,SGK Pharma,Rajkot
2295,SGL Store,Ahmedabad
2296,SGS GROUP,Ahmedabad
2297,SHAMEEMA BEGUM,Bhuj
2298,SHANE Retailers,Jamnagar
2299,SHANTI TECHNOLOGIES,Bhuj
2300,SHARP HEALTH SOLUTION®,Surat
2301,SHAYONA CREATION,Himatnagar
2302,SHILPA AGENCIES ( TEXTILE DIVISION ),Sanand
2303,SHINEDEALS,Surendranagar
2304,SHIV MART,Bhuj
2305,SHIV SHAKTI BAG HOUSE,Jamnagar
2306,SHIV home world,Bhavnagar
2307,SHIVA  INDUSTRIES,Bhavnagar
2308,SHIVALI'S EZONE,Himatnagar
2309,SHIVAM COMPUTRONICS...,Anand
2310,SHIVAM ELECTRONICS,Bhavnagar
2311,SHIVAM ENTERPRISES & SALE POINT,Ahmedabad
2312,SHIVAY CORPORATION,Sanand
2313,SHOE HOME,Bhuj
2314,SHOP 24/7,Surendranagar
2315,SHOPATRONES ENTERPRISES,Surat
2316,SHOPBOOZ™,Sanand
2317,SHOPCENTRE,Rajkot
2318,SHOPON-STORE,Bhuj
2319,SHOPPER STORE,Anand
2320,SHOPPING SHUTTLE,Ahmedabad
2321,SHOPPOSTREET®,Vadodara
2322,SHOPWITHCONFIDENCE,Bhavnagar
2323,SHOWCASE LIFE STYLE,Rajkot
2324,SHREE BUSINESS,Sanand
2325,SHREE JI TM,Anand
2326,SHREE KANHA TRADERS,Rajkot
2327,SHREE KRISHNA SALES,Sanand
2328,SHREE LAXMI HABITAT PVT LTD,Bhuj
2329,SHREE TRADINGS,Rajkot
2330,SHREENATH TELESHOP,Vadodara
2331,SHREESHYLA,Anand
2332,SHRESHHTHA,Bhavnagar
2333,SHRI BALAJI.TRADERS,Sanand
2334,SHRI SHIV ETAIL,Bhavnagar
2335,SHRI SHYAM CROCKERY HOUSE,Rajkot
2336,SHRI VINAYAK ENTERPRISES,Vadodara
2337,SHRIMAHAKALTRADERS(SMT),Bhuj
2338,SHRIMATE,Sanand
2339,SHRIMATE eMART,Jamnagar
2340,SHUBHAM ENTERPRISES VAC,Himatnagar
2341,SIACHIN ENTERPRISES,Anand
2342,SINFRA,Ahmedabad
2343,SJT,Ahmedabad
2344,SK Enterprises (Office Stationary Supplier),Jamnagar
2345,SKC ACCESSORIES,Jamnagar
2346,SKI Group®,Jamnagar
2347,SKY  INFOTECH,Vadodara
2348,SKY SCRAPERS,Bhuj
2349,SKY VENTURE,Anand
2350,SKYLER,Bhuj
2351,SKrishna,Himatnagar
2352,SLB  PRODUCTS,Bhuj
2353,SLB ENTERPRISE,Anand
2354,SLIDE COMPUTER SYSTEM,Rajkot
2355,SMN Enterprises,Ahmedabad
2356,SMS E SOLUTIONS,Anand
2357,SN ENTERPRISES,Rajkot
2358,SNDIA,Himatnagar
2359,SOBBY Microfiber cloths and gloves,Bhuj
2360,SOFTPLAY,Ahmedabad
2361,SOMKALA TRADERS,Surendranagar
2362,SPACE EARTH,Rajkot
2363,SPASonline,Jamnagar
2364,SPECTRUM007,Sanand
2365,SPEEED_SHOP,Vadodara
2366,SPIDERJUICE PRIVATE LIMITED,Ahmedabad
2367,SPORTO FITNESS,Surendranagar
2368,SPORTS N FITNESS,Himatnagar
2369,SPORTSCOLOUR,Ahmedabad
2370,SPORTSHOUSE,Rajkot
2371,SPY 360,Rajkot
2372,SPYONSTORE,Vadodara
2373,SR ELECTRONIC,Sanand
2374,SR RETAILERS,Anand
2375,SREE LAKSHMI STEEL HOUSE,Anand
2376,SREES - Samsung Authorised - Chennai,Himatnagar
2377,SRI GANESH TECHNOLOGIES,Jamnagar
2378,SRI GAYATHRIELECTRONICS,Jamnagar
2379,SRI LAKSHMI GANESH DISTRIBUTORS,Sanand
2380,SRI RAM ENTERPRISESS,Vadodara
2381,SRI SAI BALAJI STEEL HOUSE,Bhavnagar
2382,SRI Technologies.,Ahmedabad
2383,SRIPL,Himatnagar
2384,SRM GLOBAL,Anand
2385,SRR IT Services,Anand
2386,SS Cycle,Himatnagar
2387,SSD Enterprisess,Vadodara
2388,SSDN ENTERPRISES |,Jamnagar
2389,SSDN RO WATER PURIFER,Jamnagar
2390,SSHAA,Sanand
2391,SSIH Mart,Ahmedabad
2392,SSL2018,Rajkot
2393,SSN ENTERPRISES,Surendranagar
2394,SSP Shri Sai Products,Bhuj
2395,STA India,Bhavnagar
2396,STANDARD SECURITY SYSTEMS,Bhuj
2397,STAR ELECTRIC CO,Anand
2398,STAR EMPIRES,Bhavnagar
2399,STAR INDIA,Surendranagar
2400,STAR SHINE,Surendranagar
2401,STAR-MARK,Bhuj
2402,STAR.X,Bhavnagar
2403,STARMARKC,Sanand
2404,START SHOPPING,Bhavnagar
2405,STAY FIT STAY YOUNG,Sanand
2406,STS Shop,Jamnagar
2407,STYLE DECOR,Rajkot
2408,SUBHASHINI GARMENTS,Bhuj
2409,SUFI ELECTRONICS,Surendranagar
2410,SUJEEV TRADES,Himatnagar
2411,SUKLO,Ahmedabad
2412,SULTAN_Accessories,Himatnagar
2413,SUNDRAM MUSIC HOUSE,Ahmedabad
2414,SUNIL ELECTRICALS-Best Deals,Ahmedabad
2415,SUNNY LIGHTS,Bhuj
2416,SUNNY MOBILE,Ahmedabad
2417,SUNRISE DIGITECH,Bhavnagar
2418,SUNSTAR INFO,Anand
2419,SUPARSHVA SWABS (I),Anand
2420,SUPER DEALS  24X7,Himatnagar
2421,SURYA AGENCIES VSKP,Jamnagar
2422,SV E,Anand
2423,SVK ENT,Jamnagar
2424,SWAMIT TRADERS,Vadodara
2425,SWASTIKA ENTERPRISES,Surat
2426,SYGA,Surat
2427,SYNTRONIC OFFICIAL,Bhuj
2428,SYSTECH COMPUTER & COMMUNICATIONS,Anand
2429,SYSTEM CARE ENTERPRISES,Jamnagar
2430,Sachha,Anand
2431,Sadguru Distributor,Surendranagar
2432,Safal Enterprises,Jamnagar
2433,Safari Lifestyle,Surendranagar
2434,Safe Seal,Vadodara
2435,Sahaj Enterprise Surat,Sanand
2436,Sahil emporium1,Bhavnagar
2437,Sai Electricals and appliances,Bhuj
2438,Sai Geet Home Appliance and Electronics,Bhuj
2439,Sai sitha computers,Surendranagar
2440,SaiTech IT Private Limited (Since 2013),Ahmedabad
2441,Saiar Creations,Surat
2442,Saint Retail,Sanand
2443,Saiyanshi,Bhuj
2444,Salasar-Inc,Bhuj
2445,Salcon,Anand
2446,Sale Bucks,Bhuj
2447,SaleOn™,Himatnagar
2448,Saleboss Enterprises,Ahmedabad
2449,Sales Cart,Bhuj
2450,Samarth Solar,Vadodara
2451,Samplus Mall®,Ahmedabad
2452,Samraya creations,Sanand
2453,Samurai Corner,Surat
2454,Samya Infotech,Bhavnagar
2455,Sanaa Info-Vision,Bhuj
2456,Sangam Sports,Anand
2457,Sanjeev Sales Corporation jaipur,Sanand
2458,Sankalp Scientific & Associates,Anand
2459,Sanleen enterprises,Anand
2460,Sanmati computronix,Jamnagar
2461,Sannesh,Rajkot
2462,Sansui Electronics Pvt Ltd,Surat
2463,SantEnt,Vadodara
2464,Santosh trade link,Bhuj
2465,Sapno Ki Apni Dukaan,Rajkot
2466,Sapphire Gadgets,Rajkot
2467,SapphireBlue,Anand
2468,Sara Incorporation,Ahmedabad
2469,Sasimo,Rajkot
2470,Sat-exm,Bhuj
2471,Satnam Stores,Rajkot
2472,Satyam Kraft®,Bhavnagar
2473,Satyam sports,Surendranagar
2474,Sayon Overseas,Bhuj
2475,Schrodinger15,Bhavnagar
2476,Se-sonotek Electronics,Anand
2477,Secure Traders,Rajkot
2478,Security System n Solution,Bhuj
2479,Sejdeep Enterprises,Sanand
2480,Selecore Products & Services Pvt. Ltd.,Surat
2481,SellBrite Digital,Surendranagar
2482,Sellingal Zone,Sanand
2483,SellnShip,Anand
2484,Semaphore E-Commerce,Bhavnagar
2485,Seva Mart,Surendranagar
2486,Shaai's Corner,Surat
2487,Shadow Securitronics,Anand
2488,Shahn Enterprises,Sanand
2489,Shake Hands My Pet Store,Bhuj
2490,Shamay.Enterprises.,Ahmedabad
2491,Shambhoo,Jamnagar
2492,Shantam International,Surendranagar
2493,Shantienterprises,Bhuj
2494,Shanvi Decors,Bhuj
2495,Sharma Trader1,Bhuj
2496,Sharma Traders .,Surat
2497,Sharma musical store,Bhavnagar
2498,Sharp Choice,Bhuj
2499,Shelfkey,Jamnagar
2500,Shining Wings,Vadodara
2501,Shirisha enterprises,Himatnagar
2502,Shiv Electrical n Electronics,Ahmedabad
2503,Shiv Infinity Traders,Ahmedabad
2504,Shiv shakti Traders,Bhavnagar
2505,Shivali Collection,Surendranagar
2506,Shivam ENTERPRISES,Surendranagar
2507,Shivam Enterprises.......,Rajkot
2508,Shivashanker Traders,Rajkot
2509,Shoora Retail,Bhuj
2510,Shop AiS,Bhuj
2511,Shop Drive,Anand
2512,Shop My Needs,Vadodara
2513,Shop N Shop,Ahmedabad
2514,Shop Now  .,Himatnagar
2515,Shop Now (REWY),Sanand
2516,Shop Too Shop®,Vadodara
2517,Shop Your World Store,Bhavnagar
2518,Shop more,Surat
2519,Shop-Box,Jamnagar
2520,Shop-The-World ( SN Recorded ),Anand
2521,Shop-ezy,Rajkot
2522,Shop4All,Himatnagar
2523,Shop@24,Rajkot
2524,ShopForBest,Bhuj
2525,ShopNJoy,Ahmedabad
2526,ShopSpare,Sanand
2527,ShopUSAIndia,Surat
2528,Shopizone,Surat
2529,Shopn Save,Rajkot
2530,Shopper's Gallery Zone(100% CUSTOMER SATISFACTION),Bhavnagar
2531,Shopper's Pride,Vadodara
2532,ShoppersTree India,Ahmedabad
2533,Shoppersspace,Ahmedabad
2534,Shopping Mart by M/s Indiginous,Himatnagar
2535,Shopping Sansar,Vadodara
2536,Shopping-Deal,Anand
2537,ShoppingSeries,Anand
2538,Shopstyle,Ahmedabad
2539,Shoptoz dot com,Ahmedabad
2540,Shoptrix,Vadodara
2541,ShopyStore,Vadodara
2542,Shorey YogAyush,Rajkot
2543,Shree  Balaji Traders,Himatnagar
2544,Shree Nakoda Auto Parts,Surendranagar
2545,Shree Sai Electrices,Anand
2546,Shree krishna trader,Himatnagar
2547,Shreeja collections,Ahmedabad
2548,Shreya’s Store,Sanand
2549,Shri Diesel Engineers,Himatnagar
2550,Shri Navkar Surgi Trade,Rajkot
2551,Shri Sai Electricals//,Ahmedabad
2552,Shri Swastik Surgical,Rajkot
2553,Shri Vinayak sales,Surat
2554,Shri ram electric And sanitary,Sanand
2555,Shrinika baby house,Anand
2556,Shriram Book Depot,Anand
2557,Shruti trading,Sanand
2558,Shubh Sports,Bhuj
2559,ShubhEnterprises,Himatnagar
2560,Shubham,Rajkot
2561,Shubham Electric & Hardware,Surat
2562,Shuttler's Zone,Bhuj
2563,Shyam Electronics&Electricals,Jamnagar
2564,Shyam Tech,Rajkot
2565,SiH,Vadodara
2566,Sia Ram,Surendranagar
2567,Siddesh Trading And Company,Vadodara
2568,Siddhi Vinayak Hardware,Ahmedabad
2569,SiddhiPari Store,Vadodara
2570,Sidhshree1,Vadodara
2571,Sigma Online,Ahmedabad
2572,Sigma Tradelink,Ahmedabad
2573,Silicon14 Inc.,Jamnagar
2574,Simmtronics Online,Himatnagar
2575,Simon Traders,Himatnagar
2576,Singhania trading co.,Surendranagar
2577,Siree Hygiene & Facility Services,Jamnagar
2578,Six Etail,Jamnagar
2579,Sk Noor Enterprises,Bhuj
2580,Skudgear,Surat
2581,SkyAsia Retail,Sanand
2582,SkyFlag Galleria,Surendranagar
2583,Skyking Instruments,Bhuj
2584,Skyline Auto Solutions,Bhavnagar
2585,Skymart Sales,Jamnagar
2586,Skywalk™,Jamnagar
2587,SlamBaby,Vadodara
2588,Slim Shine,Rajkot
2589,SmallNeeds,Anand
2590,Smart Buy Movies,Ahmedabad
2591,Smart Galleria,Jamnagar
2592,Smart Kidz,Ahmedabad
2593,Smart Kitchen Hub,Himatnagar
2594,Smart Quick Buy,Bhavnagar
2595,Smart Sol.,Surendranagar
2596,Smart Store.,Bhavnagar
2597,Smart deals....,Sanand
2598,Smart4Shophar,Surendranagar
2599,SmartDeals4u,Ahmedabad
2600,SmartGlobal,Surat
2601,SmartHomes,Himatnagar
2602,Smart_bestdeal,Jamnagar
2603,Smarteefi,Surendranagar
2604,Smartsol Enterprise,Surendranagar
2605,Smarttechservices,Bhuj
2606,SmashDeals,Himatnagar
2607,Snapzon India,Himatnagar
2608,Soccer International Private Limited,Himatnagar
2609,Soft Care,Bhuj
2610,Soft Mantra Technologies Limited,Anand
2611,Softcloud Retails,Bhavnagar
2612,Sogani Coir Foam,Jamnagar
2613,Soham Inc,Jamnagar
2614,Soniya  Infotech,Surat
2615,Sonkariya,Surat
2616,Sound Monk,Sanand
2617,Soundscape,Sanand
2618,Souqtraders,Anand
2619,Source India Store,Surat
2620,Special Deals,Surat
2621,SpectrumEnterprise,Bhuj
2622,SpeedEbazaar,Himatnagar
2623,Spicestyle Powered by SpiceJet Ltd.,Bhuj
2624,Spike Fitness,Rajkot
2625,Sports Fuel,Surendranagar
2626,Sports Fun,Bhuj
2627,Sports Hub 1448,Bhavnagar
2628,Sports Hubb,Surendranagar
2629,Sports ISLAND,Rajkot
2630,SportsFitt,Rajkot
2631,Sportzbazaar,Anand
2632,Sprinfo,Vadodara
2633,Sree Info Enterprises,Surat
2634,Sri Ganesh enterprises,Bhavnagar
2635,Sri Sai BalajiMedicals,Anand
2636,Sri Sai Santhy Enterprises,Ahmedabad
2637,Sri balaji fashion,Vadodara
2638,Sri datta enterprises,Ahmedabad
2639,Sri dattganapathi agencie,Himatnagar
2640,Srisha Traders,Bhavnagar
2641,Ss photo housee,Anand
2642,Standard Fitness,Vadodara
2643,Star Mobiles and Computers,Bhavnagar
2644,Star Network Enterprises,Sanand
2645,Star Peripherals,Rajkot
2646,Starbella,Bhuj
2647,StarkeConnect,Vadodara
2648,Starmark,Bhavnagar
2649,Starone Electronics,Sanand
2650,Stat&AR,Ahmedabad
2651,Steelbird YooShopper,Himatnagar
2652,Stellr India,Jamnagar
2653,Stonehenge Retail,Surat
2654,StorazeBiz,Bhuj
2655,Store IN,Anand
2656,Store108,Himatnagar
2657,Store2508 Official,Sanand
2658,Storin® Electro World,Sanand
2659,Story @ Home,Bhavnagar
2660,Street27,Jamnagar
2661,Stvin®ASkyl®(OFFICIAL STORE),Jamnagar
2662,Style Homez,Surat
2663,Stylish Flip Keys,Bhuj
2664,Subh Sale,Sanand
2665,Subho Computers,Sanand
2666,Sudha creations,Bhavnagar
2667,Sugovind Agencies,Surat
2668,Sujav Consultants,Bhuj
2669,Sukanya Bags,Surendranagar
2670,Sun Enlist Enterprises,Surat
2671,SunRobotics,Vadodara
2672,Sunil Associates,Sanand
2673,Sunny Appliances,Anand
2674,Suno India,Ahmedabad
2675,Sunshine Gifting,Himatnagar
2676,Sunshine51,Jamnagar
2677,SuntopBags,Rajkot
2678,Super strength International,Sanand
2679,SuperShopperIndia,Surendranagar
2680,SuperSonic39,Surendranagar
2681,Superhero Toy Store,Rajkot
2682,Supersure,Surendranagar
2683,Supply Mart,Jamnagar
2684,Support 24X7,Vadodara
2685,Supreme Mall,Jamnagar
2686,Supreme Sports & Uniforms,Vadodara
2687,Supreme-Mart,Rajkot
2688,SupremoEXIM,Ahmedabad
2689,SuprrDeal,Ahmedabad
2690,Suraj Metals,Jamnagar
2691,Suravi Computer,Himatnagar
2692,Surf2get Retail™,Surendranagar
2693,Surgical Distributor,Anand
2694,Suvidha Mobile,Surendranagar
2695,Swadeshi Megamart,Rajkot
2696,SwastikEnterprise,Vadodara
2697,SwastikTraders,Sanand
2698,Swiss Military,Himatnagar
2699,Syvo Official,Bhavnagar
2700,T M S,Anand
2701,T for TOYS,Bhavnagar
2702,T-TOYS Udaipur,Surat
2703,T.D.ENTERPRISE,Himatnagar
2704,TAC,Surendranagar
2705,TAJ MARKETING,Vadodara
2706,TAMS Overseas LLP,Anand
2707,TANU ENTERPRISES.,Surendranagar
2708,TATA SKY LIMITED,Vadodara
2709,TATASKY LIMITED .,Rajkot
2710,TCITS,Jamnagar
2711,TECH KLEEN,Anand
2712,TECHLOGICS-BLR,Vadodara
2713,TECHNOLOGY GURU,Himatnagar
2714,TECHWORLD COMPUTER SARVICE,Surendranagar
2715,THAT's FOR ME,Surendranagar
2716,THE CHENNAI STORE,Sanand
2717,THE COMPUTERS STORE,Sanand
2718,THE EVEREST DISTRIBUTORS,Himatnagar
2719,THE HASH STORE,Rajkot
2720,THE LEATHER SHOP,Surat
2721,THE SHOPPERSLOFT,Rajkot
2722,THENIRVANASHOPS,Rajkot
2723,THEYOGI,Anand
2724,TIARAZ,Vadodara
2725,TIKI GAMES,Anand
2726,TIME TRADER,Rajkot
2727,TINY TOES,Vadodara
2728,TIRUPATI BALAJI TRADING CO.,Surendranagar
2729,TITAS CONSULTANCY,Bhuj
2730,TODAY'S DEAL,Anand
2731,TOOL ZONE,Himatnagar
2732,TOPSPOT,Jamnagar
2733,TOTAL MOBILE AND GAMING,Rajkot
2734,TOTAL SPORTS AND FITNESS,Surendranagar
2735,TOTU INDIA,Surat
2736,TOUCHOFF,Jamnagar
2737,TOYGENIE,Sanand
2738,TOYMART (TANMAN™ ),Ahmedabad
2739,TPS Technologies,Surendranagar
2740,TRADE FAIR,Anand
2741,TRADE LINK.,Bhuj
2742,TREDWELL INTERNATIONAL,Rajkot
2743,TRENDING YOUTH TECHNOLOGIES PRIVATE LIMITED,Sanand
2744,TRENDZ DECOR,Anand
2745,TRIDEV DEALS,Rajkot
2746,TRP TRADERS,Ahmedabad
2747,TRUCARE INDIA ( Authorized Seller),Bhavnagar
2748,TRUESTOPSHOP,Sanand
2749,TRUST DEAL,Surat
2750,TRUST PURCHASE,Anand
2751,TRUSTIMPORT,Sanand
2752,TRY BROS,Ahmedabad
2753,TRY TO FLY,Himatnagar
2754,TS RETAILER,Surat
2755,TT-Enterprise,Jamnagar
2756,TTK Prestige Limited,Ahmedabad
2757,TTK Prestige Ltd.,Jamnagar
2758,TWOGOOD ENTERPRISES,Surendranagar
2759,Taajir Sales,Jamnagar
2760,Tabela Shop,Himatnagar
2761,Tags Lane,Rajkot
2762,Taily Affairs the pet store,Himatnagar
2763,Takeoff Sports,Himatnagar
2764,Tanbridge Solutions,Sanand
2765,Tanvi Manocha,Anand
2766,Tapasya Sports And Fitness,Surat
2767,Tara Traders,Sanand
2768,Tech India Infocom Pvt. Ltd.,Bhavnagar
2769,Tech enterprise,Jamnagar
2770,TechCommerce,Himatnagar
2771,TechExperts,Vadodara
2772,TechEzy,Anand
2773,TechPrice,Surat
2774,Techcom Infosys,Sanand
2775,Techie Deals,Surat
2776,Technical Hut,Surendranagar
2777,Technicom Network,Bhuj
2778,Techno Computer,Bhavnagar
2779,Techno Guru,Anand
2780,Techno Hub Halisahar,Sanand
2781,Techno-Krat,Sanand
2782,TechnocomInfosystem,Bhavnagar
2783,Technogazet,Surendranagar
2784,Technology Ahead®,Anand
2785,Technology Gizmo,Surendranagar
2786,Technology world 7182,Bhavnagar
2787,Technoworld Automation,Anand
2788,Technuv Online,Bhuj
2789,Techretailer,Ahmedabad
2790,Techsun Mart®,Ahmedabad
2791,Techtonics India,Bhavnagar
2792,Techyons Solutions,Bhuj
2793,Telecom Star,Anand
2794,Tetromine,Vadodara
2795,Textech Solutions,Ahmedabad
2796,Thakur computer,Jamnagar
2797,Thanukkodi Adithya,Surendranagar
2798,That one place,Ahmedabad
2799,The Accessories Mart,Jamnagar
2800,The Baby world,Himatnagar
2801,The BalajiFab,Jamnagar
2802,The Biometric & Security Mart & Wholesellers,Bhuj
2803,The Blush Cosmetics,Vadodara
2804,The Camera Shop,Himatnagar
2805,The Camera Store,Ahmedabad
2806,The Computer Mart,Jamnagar
2807,The Connections,Rajkot
2808,The Cotton World,Anand
2809,The Different,Vadodara
2810,The Discount Deals,Jamnagar
2811,The Entertainment Store Bangalore,Himatnagar
2812,The Everest Club!!!,Anand
2813,The Foam Factory,Surendranagar
2814,The India Stores,Surendranagar
2815,The Kingdom of Ecomm,Anand
2816,The MobStore,Bhuj
2817,The Moja Club,Vadodara
2818,The Online Home Store,Anand
2819,The Orange Store Dehradun,Anand
2820,The Paper Palette,Bhavnagar
2821,The Paramount Trade,Vadodara
2822,The Prime Mall,Bhuj
2823,The Quality eStore,Rajkot
2824,The Real Value,Surendranagar
2825,The Reasonable Price Products Store,Surendranagar
2826,The Sport Mall,Sanand
2827,The Style Referee,Sanand
2828,The SweatShop,Vadodara
2829,The galaxy music,Vadodara
2830,The office Shop,Rajkot
2831,The-EStore,Ahmedabad
2832,TheElectricOnline,Bhavnagar
2833,TheFactoryDepot (USA),Sanand
2834,TheGlobalGinnie,Jamnagar
2835,TheIndianRoyal,Sanand
2836,TheLapStore,Rajkot
2837,TheMichelinShoppe,Anand
2838,TheSportsBoutique,Sanand
2839,TheWatchAgency,Sanand
2840,Thinvent Technologies Private Limited,Anand
2841,Thok Adda,Jamnagar
2842,Thuse Elektronics Pvt Ltd.,Himatnagar
2843,Tibialis A,Sanand
2844,TigeRetaiL_SLP,Ahmedabad
2845,Tina & Diya Computer,Vadodara
2846,Tipshi online,Sanand
2847,Tirupathi enterprises.,Sanand
2848,Tiyana Incorporation (INDIA),Rajkot
2849,TnW Enterprises,Rajkot
2850,Tobegift,Ahmedabad
2851,Tokari Wala,Bhuj
2852,TomDobbinDirect,Himatnagar
2853,Toner Cartridge Shop,Rajkot
2854,Toodlee,Jamnagar
2855,Tools Centre,Surendranagar
2856,Tools-4-All™,Himatnagar
2857,ToolsMart,Anand
2858,Top sale,Vadodara
2859,TopShelfs,Himatnagar
2860,Topsons,Anand
2861,Total World,Rajkot
2862,Toycra,Ahmedabad
2863,ToysBuggy,Surendranagar
2864,ToysMart India,Bhuj
2865,Toywale,Sanand
2866,Trade Globe,Rajkot
2867,TradeServ,Bhavnagar
2868,TrademarkZone,Surendranagar
2869,Tradeplus Marketing,Ahmedabad
2870,Traders JM,Bhavnagar
2871,Traders of India,Anand
2872,Trades Global,Bhuj
2873,Tradeware Store,Surendranagar
2874,TrajectoryStore,Anand
2875,Trance Home Linen,Ahmedabad
2876,Traniac,Surat
2877,Trans Innovators,Surendranagar
2878,Travelgasm,Bhavnagar
2879,Traveller Choice,Anand
2880,TreasureRetail,Ahmedabad
2881,Trends India International,Bhavnagar
2882,TrendyBuy,Rajkot
2883,Trendz Bags,Bhavnagar
2884,Trendz Handpicked,Bhavnagar
2885,Trexee Enterprises,Bhavnagar
2886,TriColor,Surendranagar
2887,TriTech International,Vadodara
2888,Triddy,Anand
2889,TridevEnterprises,Himatnagar
2890,Triklup,Surendranagar
2891,Trimurti Electricals,Bhavnagar
2892,Trinity Jeans Company,Rajkot
2893,Triple Point Ventures,Bhavnagar
2894,TrishaEnterprises,Bhuj
2895,Triveni E-Cart,Himatnagar
2896,True Accessories,Anand
2897,True Beats,Vadodara
2898,True Empire,Surat
2899,True Mobile Bazaar,Rajkot
2900,Trust Retail,Sanand
2901,Trust Zone 7,Bhavnagar
2902,Truvon services,Anand
2903,TryoKart,Vadodara
2904,Tulip Sales,Ahmedabad
2905,Tulsi Care,Surendranagar
2906,Tupp Deals,Surat
2907,Tway Enterprise,Rajkot
2908,Typewell Computers .,Rajkot
2909,Typhon 1,Rajkot
2910,U S Computers,Anand
2911,UAE-mart,Anand
2912,UK TRADERS-18,Jamnagar
2913,UM Info World,Jamnagar
2914,UMATIC DATA PROCESSINGS PVT. LTD,Himatnagar
2915,UNITED SALES,Himatnagar
2916,UNITED. BROTHERS,Himatnagar
2917,UPVsales,Surendranagar
2918,URBAN ACCESSORIES,Vadodara
2919,URBRIGHT,Sanand
2920,UTKARSHENTERPRISES,Bhavnagar
2921,UTTAM TOYS™©,Surendranagar
2922,UZFAR TRADERS,Vadodara
2923,UjjwalTrading,Surendranagar
2924,Ukrit,Surat
2925,UltraMedia,Bhuj
2926,Unique Nx,Anand
2927,Unique Technic Ganesh Sah,Jamnagar
2928,Unique enterprise  mittal house,Jamnagar
2929,Unique world store,Bhavnagar
2930,UniqueComputers,Himatnagar
2931,Unique_Product,Vadodara
2932,United Surgical Traders,Bhavnagar
2933,Unitoys,Anand
2934,Universal Business Company,Bhavnagar
2935,Universal Store Shopping,Jamnagar
2936,Unnati International,Himatnagar
2937,Upix Inc.,Ahmedabad
2938,Usha Ayurvedics,Surendranagar
2939,Utekar Fisheries Private Limited,Sanand
2940,Uthratools,Anand
2941,V K Bartan Bhandar,Himatnagar
2942,V K Steels,Surat
2943,V-B-Enterprises,Ahmedabad
2944,V.K Electricals,Surendranagar
2945,V.P JAGIDAR,Sanand
2946,V.P.PALANICHAMI NADAR & Co,Vadodara
2947,V.T.I.,Bhavnagar
2948,VA ENTERPRISE,Sanand
2949,VADMANS CONGLOMERATE PVT LTD,Bhuj
2950,VAIBHAV TRADERS1,Rajkot
2951,VANEX,Vadodara
2952,VANSH ENTERPRISES_INDORE,Rajkot
2953,VANSHIKA SALES,Bhuj
2954,VARDHMAN FANCY STORE,Bhuj
2955,VARNI FASHION,Bhavnagar
2956,VASUDEV COMMODITY,Himatnagar
2957,VB Retail,Rajkot
2958,VCARESYSTEMS,Bhavnagar
2959,VE Store,Jamnagar
2960,VEDA ENTERPRISES BABY & KIDS STORE,Jamnagar
2961,VEDANSH ONLINE,Jamnagar
2962,VEMAX,Surat
2963,VERTI,Anand
2964,VESS Groups,Vadodara
2965,VGM INTERNATIONAL,Surat
2966,VIDHAN TRADERS,Jamnagar
2967,VIDISHA CHOCOES & KRAFTS,Vadodara
2968,VIJAY DISTRIBUTORS,Ahmedabad
2969,VIJAY VALLABH (ROYALS),Sanand
2970,VIJAYSHEELA TEXTILES,Ahmedabad
2971,VIKAS COMPUTER,Jamnagar
2972,VIKAS GIFT GALLERY,Jamnagar
2973,VINAY  SALES,Bhuj
2974,VINAYAK.,Anand
2975,VIRENDER ENTERPRISES,Jamnagar
2976,"VISHWAKARMA ENTERPRISES,",Rajkot
2977,VISHWAKARMAENTERPRISES,Vadodara
2978,VJ SECURE SYSTEMS.,Bhavnagar
2979,VK MARKETING INDIA,Sanand
2980,VNSM,Rajkot
2981,VNV Elite Store,Surat
2982,VOTNOT™,Surat
2983,VPLONLINE,Bhuj
2984,VPRINT,Ahmedabad
2985,VR TAMARAI,Surat
2986,VR-ENTERPRISE,Sanand
2987,VSK Seller,Surendranagar
2988,VSM INDIA,Sanand
2989,VSS Inc,Bhuj
2990,VTECHCOM,Bhuj
2991,VTM_SLP,Bhuj
2992,VVCSALESPUNE,Jamnagar
2993,VW Retails - Authorised INTEX Distributor,Sanand
2994,VYBBA,Sanand
2995,VYSSPORTS,Bhuj
2996,Vaein Enterprise,Sanand
2997,Vaibhav_Creation,Jamnagar
2998,Valentino N,Rajkot
2999,Value Retail,Bhavnagar
3000,ValueShop,Surendranagar
3001,VanshEnterprises,Bhavnagar
3002,VantageKart,Bhavnagar
3003,Vectora_Co.,Vadodara
3004,Vee Ess Sales Pvt Ltd,Sanand
3005,VeeDee,Anand
3006,Veena Pani creations,Bhuj
3007,Veer Business Solutions.,Ahmedabad
3008,Venus Retail Rajiv,Surat
3009,Vibrant-Global,Rajkot
3010,Vicky Enterprises,Anand
3011,VictorryHobbies,Rajkot
3012,Vijay Enterprises JP,Bhuj
3013,Vijay Raj Traders,Surat
3014,Vijaya computers,Ahmedabad
3015,Vijaybaghouse,Vadodara
3016,Vikas plastic,Jamnagar
3017,Vinay cosmetics,Surat
3018,Vinayak products,Anand
3019,Vini Online Shop,Anand
3020,Vinod Stationers,Bhavnagar
3021,Vipito,Bhavnagar
3022,Viva Enterprise Charotar,Ahmedabad
3023,VoilaRetail,Sanand
3024,Voltas shoppe,Surendranagar
3025,VoltsAmp,Himatnagar
3026,Vservbpo,Anand
3027,Vui Online,Anand
3028,Vyson,Sanand
3029,WALLMARTBAGS,Sanand
3030,WALTZER INDIA PVT. LTD,Himatnagar
3031,WALZEN STRIPS PVT LTD,Anand
3032,WASAN EXPORTS,Vadodara
3033,WEAVERS,Surendranagar
3034,WELCARE INDIA,Vadodara
3035,WELLON OFFICIAL STORE,Bhavnagar
3036,WELROCK,Rajkot
3037,WESTERN INSTRUMENTS,Rajkot
3038,WHITE POPCORN 🍿,Sanand
3039,WHOLESALE BUCKET,Bhuj
3040,WILLIAM PENN PVT LTD,Anand
3041,WMCART™,Anand
3042,WOOF PET SHOP,Anand
3043,WORLD MARKETING,Bhuj
3044,WORLD PLAZA,Surat
3045,WORLDWIDE IMPORTERS,Himatnagar
3046,WS MART,Vadodara
3047,WaitRose,Bhavnagar
3048,Walkin Bazar,Surendranagar
3049,Wall Attraction,Anand
3050,Wani Kitchen India,Bhuj
3051,Wave Mart,Sanand
3052,Wayona,Bhavnagar
3053,We Love Pet Shop,Rajkot
3054,Weber Enterprises,Surendranagar
3055,Weird®Store,Surendranagar
3056,Welcome RO And Appliance Co.,Rajkot
3057,Weshop*,Himatnagar
3058,White Label Ventures LLP,Surendranagar
3059,Whole9Yards,Surendranagar
3060,WildHorn India,Jamnagar
3061,Wildstags,Surendranagar
3062,Winmark Sports,Ahmedabad
3063,Winsome Pet,Ahmedabad
3064,Wintronix,Himatnagar
3065,Wisdom Store,Jamnagar
3066,Wish Cart,Ahmedabad
3067,Wish Master,Jamnagar
3068,Wishndealcom,Bhuj
3069,Wizplex,Anand
3070,WonderKart®,Bhuj
3071,Woohoo,Surat
3072,World Motion,Ahmedabad
3073,Worldwide_Store,Jamnagar
3074,Wright Sense,Bhuj
3075,XERGY®,Ahmedabad
3076,XForeLYz,Bhavnagar
3077,XPRESS RETAILS,Bhuj
3078,XZARVIS INFO SOURCE INDIA PRIVATE LIMITED,Vadodara
3079,Xogger Enterprises,Himatnagar
3080,Xoopack,Anand
3081,YAMAMA,Vadodara
3082,YASH      ENTERPRISES,Sanand
3083,YASH ENTERPRISES,Vadodara
3084,YATEE TRADING COMPANY,Rajkot
3085,YDV enterprises,Anand
3086,YELLOWWIT,Bhuj
3087,YI Technology Private Limited,Anand
3088,YOOHELMETS,Bhavnagar
3089,YOU & ME NX,Bhuj
3090,YST SALES,Anand
3091,YahOoO,Sanand
3092,Yash & Priya,Vadodara
3093,Yashi Multi Solutions,Bhavnagar
3094,Yellow Weaves,Bhavnagar
3095,YesBuy,Rajkot
3096,Yesbayas Enterprises,Jamnagar
3097,Yogasya Wellness,Bhavnagar
3098,Yogeshwari Enterprises Goa,Sanand
3099,Young Image,Anand
3100,Your Shop.,Ahmedabad
3101,Youth Essentials,Vadodara
3102,Youth store.,Anand
3103,YuniK Tech Solutions,Vadodara
3104,YusufEnt,Rajkot
3105,Yuva Fashion Store,Bhuj
3106,Yuvraj Stores,Jamnagar
3107,Z's Sales & Service,Surendranagar
3108,ZAPTIN ENTERPRISES,Anand
3109,ZARPAT INDIA,Bhavnagar
3110,ZERNA,Surendranagar
3111,ZHAPAAK BUSINESS SOLUTIONS PRIVATE LIMITED,Surat
3112,ZIP KART,Rajkot
3113,ZIP ZUP,Ahmedabad
3114,ZOFEY,Ahmedabad
3115,ZRPL,Jamnagar
3116,ZYDUS TECHNOLOGY,Jamnagar
3117,Zibbri India Pvt Ltd,Rajkot
3118,Zollyss®,Surendranagar
3119,Zoroo India,Rajkot
3120,Zupitex,Bhavnagar
3121,Zuru Bunch,Vadodara
3122,a to z appliances.,Bhavnagar
3123,aabhu,Bhuj
3124,aadi computer solution,Bhuj
3125,aerofresh,Surat
3126,aftab alam handloom,Sanand
3127,aggarwal enterprises25,Himatnagar
3128,airconsolution,Vadodara
3129,ak club,Surendranagar
3130,alfisha,Bhuj
3131,amarvagroup,Bhuj
3132,amazeelectronicsstore,Rajkot
3133,amezonsales,Bhavnagar
3134,amit car accessories aurangabad,Jamnagar
3135,amit kumar and company,Ahmedabad
3136,anipet products,Sanand
3137,ankit computers.service,Surat
3138,anne -kee™ (homecraft2010),Bhuj
3139,apex computer & telecom,Himatnagar
3140,aqua fine,Surat
3141,asg fitness,Bhavnagar
3142,autumnfare,Himatnagar
3143,avsstore,Anand
3144,balaji enterprises 1,Ahmedabad
3145,bazar-e,Himatnagar
3146,beconnected,Anand
3147,best rate store,Anand
3148,best_buyaxz,Surendranagar
3149,besteshop,Himatnagar
3150,bhavyaenterprise24,Ahmedabad
3151,big zoom,Bhuj
3152,billionBAG,Rajkot
3153,bnwinternationl,Vadodara
3154,borr,Jamnagar
3155,bullseye,Bhuj
3156,buyingideaz,Jamnagar
3157,cables kart,Jamnagar
3158,car square,Bhuj
3159,care and cure medicose,Anand
3160,cartup.,Anand
3161,chamunda enterprises,Bhavnagar
3162,charmi-ecommerce,Bhavnagar
3163,city medical,Bhavnagar
3164,click.n.save,Rajkot
3165,clickforsign,Surendranagar
3166,clifoxcorp,Anand
3167,cloudsaledelhi,Surendranagar
3168,coverReady,Bhavnagar
3169,creative_adda,Surendranagar
3170,cureandcare,Himatnagar
3171,dark collection zone,Rajkot
3172,dealerkart,Bhuj
3173,deals bazzar (  ZZ ZONEX® ),Surat
3174,deekshita homokart llp,Ahmedabad
3175,dharm enterprises,Himatnagar
3176,dhrishti collection,Surat
3177,digital Playground,Sanand
3178,digitalization,Vadodara
3179,digiwebit-21,Himatnagar
3180,dimpi enterprises,Surendranagar
3181,divyansh enterprises ™,Anand
3182,dove mega net,Surendranagar
3183,duodain,Jamnagar
3184,e Space India,Himatnagar
3185,e-Plastic,Surendranagar
3186,e-SiGNiFY INDIA,Himatnagar
3187,e-square systems,Surendranagar
3188,e4u,Anand
3189,e9accessories,Himatnagar
3190,eClinic,Vadodara
3191,eComm Velocity,Ahmedabad
3192,eCosmos By Royal IT Official,Bhavnagar
3193,eErlik Official,Bhavnagar
3194,eHUB®,Surat
3195,eKitchenVentures,Surat
3196,eRetail Inc..,Bhuj
3197,eSampark,Surat
3198,eStofers®,Sanand
3199,eS³kube,Bhuj
3200,eTRADE,Ahmedabad
3201,eTrade Marketing P Ltd,Jamnagar
3202,eValuemart®,Surat
3203,eWizard,Jamnagar
3204,ease shop,Rajkot
3205,ebaaz,Jamnagar
3206,ecommerce solutions,Bhuj
3207,ecomputerstore,Bhuj
3208,ecomstars,Surat
3209,efforwave™,Surat
3210,electronics junction,Anand
3211,electroworld5,Bhavnagar
3212,embroidery material,Vadodara
3213,estore9,Surendranagar
3214,fakhir associates,Bhuj
3215,finer enterprises,Bhuj
3216,flmas,Rajkot
3217,fortunext,Bhavnagar
3218,galaxyenterprisesnew,Ahmedabad
3219,game_shopee,Bhuj
3220,games and toys store,Surendranagar
3221,ganesham agency,Anand
3222,garg trading com.,Ahmedabad
3223,gayatri mobile house,Rajkot
3224,gifts inn,Ahmedabad
3225,goelectro,Bhavnagar
3226,golden dreams,Anand
3227,goowy,Ahmedabad
3228,gostuffs,Surendranagar
3229,gupta helmets,Vadodara
3230,gupta sales corpoeation,Bhuj
3231,guru nanak sales,Vadodara
3232,happytech ® by balaji creation,Bhuj
3233,harikrishnavilla®,Surendranagar
3234,harmani india,Vadodara
3235,harshita_e-trading,Himatnagar
3236,hgiftmart,Bhuj
3237,hk shop,Jamnagar
3238,home bazar,Himatnagar
3239,hreedhan enterprises,Bhavnagar
3240,i-Heir® Official,Himatnagar
3241,iBhejo,Vadodara
3242,iBoat (India),Jamnagar
3243,iFuture-Technology,Bhuj
3244,iLogistics Online,Surendranagar
3245,iShake,Vadodara
3246,iStuff365,Sanand
3247,iTECHNOLOGIES,Surat
3248,iVoltaa Official,Bhavnagar
3249,ibcstore,Surat
3250,imobile point,Surendranagar
3251,indianseller4u,Vadodara
3252,insastacom,Bhavnagar
3253,iphotostore,Bhavnagar
3254,it store,Bhuj
3255,itglobal,Anand
3256,jain1hub,Jamnagar
3257,janakenterprises,Surat
3258,jannatinfo,Rajkot
3259,jayaswal marketing,Jamnagar
3260,jnr electronics,Bhuj
3261,jopasucarcare,Bhuj
3262,k3_stores,Vadodara
3263,kachwala electricals,Ahmedabad
3264,kaiway computer,Vadodara
3265,kathiriya's,Surat
3266,keisham marketing,Vadodara
3267,khodiyarmart,Surendranagar
3268,kiddocart,Bhavnagar
3269,king shine industries,Sanand
3270,kings shopee,Bhavnagar
3271,kitchen bazaar,Bhavnagar
3272,kitchenbrandstore,Sanand
3273,kitchenette World®🇮🇳,Bhavnagar
3274,kitchenonline,Surendranagar
3275,klickus. com,Jamnagar
3276,kmltail,Anand
3277,knickknack42,Sanand
3278,komagal Private Limited,Himatnagar
3279,kookaburra india,Surat
3280,kpc,Bhavnagar
3281,krishna-accessories,Vadodara
3282,krishnaa sales,Surat
3283,laboratorydeal tamil Nadu,Himatnagar
3284,laptop house,Anand
3285,lasaani sales corporation,Bhavnagar
3286,lavish Collections,Bhuj
3287,legend aqua tech,Bhavnagar
3288,liveagency,Surendranagar
3289,look_new,Surendranagar
3290,lovelyhome Mall,Himatnagar
3291,lowprice bazaar,Jamnagar
3292,m.s. solutions,Ahmedabad
3293,makeURkart,Anand
3294,mamaearth,Rajkot
3295,mannat creation,Ahmedabad
3296,manoj1919,Ahmedabad
3297,market king,Bhavnagar
3298,mayur    traders,Bhavnagar
3299,mdanigames,Himatnagar
3300,medley musicals,Surendranagar
3301,mega tech world,Surat
3302,micropower,Vadodara
3303,mishu store,Surendranagar
3304,mobile gear,Rajkot
3305,mobile house baner,Bhavnagar
3306,mobile worldz,Sanand
3307,modernretailonline,Rajkot
3308,mtuggar,Sanand
3309,music.mantras,Surat
3310,my e-world,Rajkot
3311,my gizmos,Surendranagar
3312,mySPOGA..,Himatnagar
3313,myradiant,Anand
3314,myshoppee,Anand
3315,nGage Retail,Surendranagar
3316,narang associates,Bhuj
3317,neelam sales corporations,Jamnagar
3318,nehra sports,Ahmedabad
3319,netIT,Bhavnagar
3320,new vision security service,Anand
3321,newluckycollection,Rajkot
3322,niceeshop,Himatnagar
3323,ogre,Jamnagar
3324,om steels,Surendranagar
3325,om surgicals.,Bhuj
3326,omax health care,Himatnagar
3327,omega stores,Bhavnagar
3328,one-stop shop,Vadodara
3329,online Retail,Surendranagar
3330,online d store 21,Surat
3331,onlineb2c,Bhuj
3332,onlinebazzarindia,Surendranagar
3333,onlinebee,Rajkot
3334,origami So soft,Rajkot
3335,pa sales,Vadodara
3336,pacificshop2014,Jamnagar
3337,padhis enterprises,Bhavnagar
3338,palia crockery & gift centre,Himatnagar
3339,parvika kitchen,Vadodara
3340,pathak sales,Anand
3341,plusepoint,Surat
3342,plutofit®,Ahmedabad
3343,pocin,Rajkot
3344,polaccessories,Sanand
3345,premium e-retailors,Anand
3346,price..perfect,Sanand
3347,priuscorporation,Anand
3348,priyarchika hub,Bhavnagar
3349,pulkit marketing co,Sanand
3350,quick Store,Ahmedabad
3351,r.s.enterprise123,Anand
3352,raar labs,Himatnagar
3353,raja plastics,Ahmedabad
3354,rajendra seat cover,Vadodara
3355,readydeal,Bhuj
3356,redimateonlinestore,Bhuj
3357,reefor,Anand
3358,rjsales,Sanand
3359,roboCraze,Jamnagar
3360,rudra trading co.,Himatnagar
3361,saara samaan,Jamnagar
3362,sachdeva enterprises t,Bhavnagar
3363,sachin  enterprises,Ahmedabad
3364,saco,Bhavnagar
3365,sah enterprises,Sanand
3366,sahara-computer,Himatnagar
3367,sailcom,Bhuj
3368,saini collections,Anand
3369,sales zone,Sanand
3370,saleservicesolution,Himatnagar
3371,samraj institute,Bhavnagar
3372,san system,Vadodara
3373,sargiya enterprises,Sanand
3374,sb18,Rajkot
3375,secured&easybuy,Jamnagar
3376,seller kart,Sanand
3377,selling24x7,Bhavnagar
3378,shamir store,Anand
3379,shanti enterprisess,Surat
3380,sheela textiles,Himatnagar
3381,shiv sakti agency,Vadodara
3382,shiva traders jind,Vadodara
3383,shivani fashion,Himatnagar
3384,shivya home,Surendranagar
3385,shop 24x7,Surat
3386,shop bucket,Ahmedabad
3387,shopeza®,Jamnagar
3388,shopiesta,Surat
3389,shopingine,Sanand
3390,shopping24x7,Rajkot
3391,shoppingzone,Surendranagar
3392,shree nakoda traders,Sanand
3393,shreeganeshmarketing89,Surat
3394,shri ram raja,Surat
3395,sim sim world,Bhuj
3396,skmotormad,Vadodara
3397,skyenterprises2020202,Ahmedabad
3398,skytech medical and surgical devices,Sanand
3399,slidecart_electronics,Sanand
3400,smartdeal9,Jamnagar
3401,softspun,Surat
3402,sony sai sales,Jamnagar
3403,sportscity,Himatnagar
3404,sportzcomplex,Bhavnagar
3405,sripadmaelectronics,Bhavnagar
3406,ssolutions,Bhavnagar
3407,star enterprises963,Bhuj
3408,stellarsquare,Rajkot
3409,store of Gifts,Bhavnagar
3410,styledose,Himatnagar
3411,supreme ro system,Himatnagar
3412,suraaj fashions,Anand
3413,technikbazar,Surat
3414,teleform,Sanand
3415,theWinkel,Vadodara
3416,theskinstore,Anand
3417,thevaluestore,Himatnagar
3418,tolbhav,Ahmedabad
3419,trademaker,Anand
3420,trinity global,Surendranagar
3421,triveni communication,Ahmedabad
3422,ttoys bazar pvt ltd,Surat
3423,tulza mobile and trading,Anand
3424,udal solution,Rajkot
3425,universal tech accessories,Ahmedabad
3426,uptodate products,Himatnagar
3427,ur-kidstore,Himatnagar
3428,vaishnavi traders,Surat
3429,vardhaman infotech,Jamnagar
3430,vasilaenterprise,Jamnagar
3431,vikhu enterprises,Surendranagar
3432,vinod store,Surat
3433,vs mark,Ahmedabad
3434,weptpro,Anand
3435,winning stroke,Bhavnagar
3436,wisechase,Jamnagar
3437,woody international,Anand
3438,world2home,Bhuj
3439,wowdog,Rajkot
3440,www.indoselection.com®,Surendranagar
3441,xtronicsapp,Bhavnagar
3442,y&n,Vadodara
3443,yashnetbusiness,Surendranagar
3444,yashraj Enterprises Indore,Himatnagar
3445,yatin fab,Rajkot
3446,yogi communications,Sanand
3447,zenithtraders,Himatnagar
3448,zpul ssports,Sanand
3449,ǤᗴᑎᗝᑕƳ丅ᗴ,Ahmedabad
3450,मी-BOSS,Himatnagar
3451,𝕿𝖍𝖚𝖓𝖉𝖊𝖗𝕶𝖎𝖓𝖌,Jamnagar
