,Seller,0
0,"""SHOP 24""",1
1,# Global Hub,6
2,'JFS',1
3,(Gadgets2use),3
4,(SPORTO FITNESS™)*,2
5,*Marketing Online,1
6,.DFO INDIA LLP,1
7,1 Stop Shop,3
8,1 Stop Shoppee,1
9,121 IT SOLUTIONS,1
10,1699 sikh store,1
11,1DEEP ENTERPRISES,1
12,1st baby store,4
13,24*7ATYOURSERVICE,2
14,24SEVENINDIA,1
15,24X7 SHOPPING ONLINE,4
16,24X7 SHOPPING STORE,1
17,24x7 Shopping,1
18,24x7onlinemart,1
19,264,2
20,3DCloud,1
21,3HourDelivery,2
22,4 U Marketing,1
23,40km,1
24,4COM Technologies,1
25,4V international,3
26,724 Shopping,3
27,99 INSTRUMENTS,1
28,A & G Mart,1
29,A 1 SELLER,1
30,A B MUSICAL STORES & ACCESSORIES,2
31,A D Overseas,1
32,A ONE ELECTRICAL AND HARDWEAYR,2
33,A R IMPEX,1
34,A R O H I,4
35,A S B Trader,1
36,A S COLLECTION INDIA,1
37,A T G T,1
38,A TO Z IT,1
39,A V TRADERS,1
40,A and D TRADERS,1
41,A and K Enterprise,1
42,A to Z sales corporation original product,1
43,A&Y INTERNATIONAL,4
44,A- One Electronics,1
45,A-One Enterprises,1
46,A-Sky Retails,2
47,A-Z Retail,1
48,A..S,1
49,A.C.P Traders,3
50,A.E.I.M CORP,1
51,A.J.M.,1
52,A.K. Enterprises Pvt Ltd,1
53,A.T.P,2
54,A1Price A1Products,6
55,A2Z COLLECTIONS,2
56,A2Z E-Sales,1
57,A2Z Retail,1
58,A2Z Sellers,2
59,A2Z Trade,1
60,A2Z Ventures,1
61,A2Z-DEALS,1
62,A2ZSELLERS,3
63,A2ZTraders,1
64,A4 TECHNOLOGY,2
65,AAAGIFTCARE,1
66,AADHISHA,1
67,AALOK,1
68,AANCHAL INTERNATIONAL - Genxtra®,3
69,AAR VEE ENT,1
70,AARAV EMART,2
71,AARMANZA,1
72,AAccessories,1
73,AB INfotech,1
74,AB TRADES,1
75,ABC The Business People,1
76,ABHITH INDIA,1
77,ABID SHARIQ ENTERPRISES,1
78,ABS Attache and Bags Store,1
79,ABS-Tradelink,1
80,ABSHA ENTERPRISES,1
81,AC Collections,1
82,AC Trading Company,1
83,ACORNSPORT,1
84,ACROMEC™,3
85,ADARSH COMPUTERS,2
86,ADISA International,1
87,ADPP OLM,1
88,AEI Shop,1
89,AGARWAL SECURITY SYSTEMS,1
90,AHPL,1
91,AIIPL_BLR,8
92,AIR EXPERT INDIA,1
93,AIRMAKER Foot Pump®,1
94,AJ CREATION,1
95,AJ traders K69,3
96,AK.Enterprises0612,1
97,AKHIL MARKETING VIZAG,1
98,AL Noone Star,1
99,ALFA Retail Corp,4
100,ALKA SHOPING,1
101,ALLIFBAY,1
102,AM Leather,1
103,AM-STORE,1
104,AMARDEEP CYCLES,4
105,AMAZINGDEALS4EVER,1
106,AMBER ELECTRIC & ELECTRONICS,1
107,AMG Digital Store,1
108,AMJ TRADERS,1
109,ANAM INFOTECH PVT,1
110,AND Retails,3
111,ANE | Absolute Native Electronics | Solnoi,1
112,ANITA ELECTRICALS,2
113,ANMOL ART & FRAMES,1
114,ANWAR SPORTS,1
115,AONECREATIONS,1
116,AOW ATTRACTIVE OFFER WORLD,1
117,AOne Deals,2
118,APEIRON TECH WORLD,1
119,APG_ONLINE_2015,1
120,APPLIANCE STORE,1
121,AQUA SALEs,4
122,AQube Retail,1
123,AR Enterprises Bhopal,1
124,AR sellers,2
125,ARNAV FASHIONS,1
126,ARORA BROTHERS,1
127,ARRAY.,1
128,ARUN  TRADERS,1
129,AS Retails (Happie Shop®),1
130,ASHTAR ENTERPRISES,1
131,AST Japan,2
132,ASTHA ELECTRONICS SYSTEMS,1
133,ASTROPOINT,1
134,ATC CONNECT,1
135,ATELIER WORLD,2
136,ATIPL-DEL,1
137,ATZ Retail,1
138,AUDIO VOICE INDIA PRIVATE LIMITED,1
139,AUDIOVIDEO,1
140,AUGUST LUSH,1
141,AURODO,1
142,AURORA.,1
143,AUXTER,1
144,AV INFOLINE,2
145,AV Soft,1
146,AVS RETAIL,3
147,AXELNET,1
148,Aadira Collections,1
149,Aadishwar Creations,1
150,Aadvay,1
151,Aaina Enterprises,3
152,Aarav Co.™ (Car & Bike Care),1
153,Aarav Common Services Center & Mobiles,1
154,Aash Multisales Corporations,3
155,Abcomp,1
156,Abhishek computer,1
157,Absolute India,1
158,Absolute e Solutions,1
159,AcWalla,1
160,Accord Exports Co.,3
161,Achara online,1
162,Acharya Ayurveda,1
163,Acme Mart,1
164,Acupressure Shop,1
165,Add To Basket,2
166,Adhriti Educational Books,1
167,Adhyuth Enterprises,1
168,Aditya Instruments,1
169,Aditya Overseas™,1
170,Aditya Sports,2
171,Adofys India-(Customer Happiness Is Top Priority),1
172,Adolf Me®,4
173,Advance Projector Inc,1
174,Advent Basics _,1
175,Adventuregears,1
176,Advind Healthcare,1
177,Aerizo  -  Dronean,1
178,Agarwal Electricals India,1
179,Agarwal Sports Industries,1
180,Agarwal Traders IN,1
181,Agarwal_,1
182,Agway International,2
183,AhmedabadCotton,1
184,Aim Square,4
185,Air Show,1
186,Aishvi Enterprises,1
187,Aj Tech Solution,1
188,Akash Electronicss,1
189,Akash Enterprisess,1
190,Akshat Sales Corporation,1
191,Akshat Sports,2
192,Akshay Retail,1
193,AlexVyan_Brothers,6
194,Alexa India,3
195,Aliasha Kreation,1
196,Alihisen Akbarali Rangwala,1
197,All Gifts,2
198,AllaboutElectronics,2
199,Alpas Consultancy Pvt Ltd,1
200,Alpha Collections,1
201,Alpine Canyon (USA),2
202,AmPmStore,1
203,Amage india,1
204,Amar Chauhan Group,1
205,AmazHub,1
206,Amazers Choice,2
207,Amazin Pet Shop,1
208,Amazing Dreams,3
209,Amazing Ezra,1
210,AmazingBags,1
211,AmazingShop,1
212,Ambey steel emporium,1
213,Ambika Gems and Diamond,3
214,Amigo Store,1
215,Amigos Station,1
216,AmigozZ,1
217,Amkette Shop,1
218,Amutham Music Private Limited,1
219,Amy Enterprise,1
220,Anand Parkash and Sons,1
221,Anandh hardware store,1
222,AnmolEnterprises,2
223,Antarixya Electronics,1
224,Anubha Retails,1
225,Aone Marketing,1
226,Apeiron Merchandise,1
227,Apex BLR,3
228,Apna Deal,6
229,Apni Dukan - Best Deals Forever,1
230,Apnidhukan,1
231,Appario Retail Private Ltd,85
232,Appliances Mart,1
233,Apptronics Retail,1
234,AprilIndustries,1
235,AquaDunia Enterprises,4
236,AquaNature,1
237,Aradhya Computer,1
238,Aradhya Home's,1
239,Arashi Futures Private Ltd,1
240,Arham Industries,1
241,Arham World,2
242,Arigato.,1
243,Arihant kitchenware,1
244,Arms Technology,2
245,Arnav Tradings,2
246,Arpit MKT,2
247,Art N Hub,1
248,Arti Infotech System,1
249,AruTrade,3
250,Arx,2
251,Arzet®,3
252,Ascension Enterprises LLP,2
253,AshaEnterprises1991,1
254,Ashapura electricals.,1
255,Ashoka Fish Aquarium,1
256,Ashtavakra Agencies,1
257,Asian Agencies,2
258,Asian Aura,1
259,AsianHobbyCrafts LLP,3
260,AspenLeather,1
261,Asquare Enterprise,1
262,Aster Commerce,1
263,Asteroid India,1
264,AuTo   MoTo,2
265,AudiIN,1
266,Aum Entertainment,6
267,Authorised Deals,1
268,Auto Ryde,2
269,Autodrome,1
270,Autofurnish India,5
271,Autofy Store,1
272,Automart,1
273,Autorepute,1
274,Avenue Overseas Private Limited,2
275,Avi enterprises11,1
276,Avni Enterprises,1
277,Avni Traders,1
278,Avon Lifestyle pvt ltd,1
279,Axelleindia,1
280,Axiom store,1
281,Axtry™,1
282,Ayush Enterprises Online,1
283,Ayushman Sales and Company,1
284,B J INFOTECH(A unit of AIPL),1
285,B L RUBBER INDUSTRIES PVT LTD,1
286,B Online Store,4
287,B.K Retail,2
288,B.P. Trading Company,1
289,BABA FARID RETAILS,2
290,BABY CROWD,1
291,BABY N TOYYS™,5
292,BABY STATION,3
293,BABYLOVE,2
294,BAG  STREET,2
295,BALAJI COMPUTER...,1
296,BANDYOTECH COMPUTER,2
297,BARCODERS,1
298,BARTAN BHANDAR,2
299,BAWATRADERS,2
300,BBHCPL,1
301,BDS Electronic Hub,4
302,BDS297,1
303,BE01,2
304,BEAUTY SHOW,1
305,BEAUTY WARE HOUSE,1
306,BESDEALS IN,1
307,BEST FOR BABIES,2
308,BEST HOME RETAIL,4
309,BEYOND TOYS AND GIFTS,2
310,BHAENTERPRISES,1
311,BHAGVATI SALES,1
312,BHANDARI ELECTRONICS AND ELECTRICALS,1
313,BHARAT COMPUTERS & PERIPHERALS,1
314,BHARAT ENTERPRISES AMBALA CITY,1
315,BIA'S,1
316,BIGBAG,2
317,BIGSALESINDIA,1
318,BIGWAVE TRADERS,1
319,BIZTAIL PRIVATE LIMITED,1
320,BIZZARE..,2
321,BLUE C,2
322,BLUE HORSE INDIA,2
323,BLUERAYS,2
324,BOOK ONLINE DTH,1
325,BOROFOOD,1
326,BRANDS ONLINE,1
327,BRAVISHHI ENTERPPRISES,2
328,BSB SPINNERS,2
329,BSD ORGANICS,1
330,BUSINESS PEOPLES,3
331,BUYERS ADDA,1
332,BUYIT INDIA,1
333,BUYWHATYOUWANT,1
334,BVES,3
335,BVSLFPRODUCTS,1
336,Baba mobile,1
337,Baby Bucket,1
338,Baby Cry,1
339,Baby-Guru,1
340,BabyBasics,1
341,Bag & Bags,1
342,Bag Junction,1
343,Bag fair,1
344,Bagaria furnishing and Art Jewellery,1
345,Bags & Luggages Ltd.,1
346,Bags Fair,1
347,Bags N Luggage,2
348,Bags-R-Us,1
349,Baijnath Premnath,1
350,Bains Brothers,1
351,Bajaao,5
352,Bajaj - Shri Groups,5
353,Balaji .E,1
354,BalanceCart,3
355,Bappa-Associates,1
356,Baybee Shoppee,3
357,Bazzar 4 Deals,2
358,BeStDeAl01,3
359,Beats the musical instrument store,1
360,BeautyBoon,1
361,Beautykart,1
362,BeingShopper®,2
363,BelleGirlLifeStyle,1
364,Bellstone Trading,2
365,Best Bargain Computers,2
366,Best Dealz 365,2
367,Best U Buy,2
368,Best buy price,1
369,BestBuy Mart,1
370,BestStore2018,1
371,Best_seller_India,1
372,Bestbuyindia,1
373,Bharat Industries,1
374,Bharat distributors guna,1
375,Bhatiaa Enterprises,1
376,Bhavans Enterprises,1
377,Big  Bazaar,2
378,BigBrandMania,1
379,Bigbig Mall,2
380,Bioworld,3
381,Bizanne Fashion®,1
382,Black Bottom,4
383,BlacklineShop,1
384,Blackt Electrotech,1
385,Blu  Horizon,1
386,Blue Stars,1
387,BlueRigger India,1
388,Blue_Horse,1
389,Blueberry India,1
390,Blueberry Retail,2
391,Bluebird_1,1
392,Bluesunpower,1
393,Bluetoothzone,1
394,BoL56junH,1
395,Body Craft,1
396,BodyFit Gym,1
397,BoldnYoung,1
398,Bombay Gizmos,3
399,Bonbury,3
400,BookMyTech,1
401,Boss-Electronics,5
402,BoxWish,6
403,Boxwishing,1
404,Bracedeal,1
405,Brain Freezer,1
406,Brand Authorized Seller,2
407,Brandonn Fashions,1
408,Brands India,4
409,Brands at Discount,1
410,Brasas item store,1
411,BrightLight trading Co.,1
412,Brightlink,1
413,Bros & Co.,1
414,Brothers and Company,1
415,Bubby Enterprises,2
416,Bucketlist,3
417,Bulfyss® - What You See Is What You Get,10
418,Bulkybay,3
419,Bunty Jain,1
420,BurgeonPro,1
421,Burnlab,1
422,Buy  More,3
423,Buy-Smart,1
424,BuyZilla,1
425,Buyaccessories,4
426,Buyers Pool,1
427,CABLE GALLERY,1
428,CAMSHOP,1
429,CAMTIGER,1
430,CAR SMITH123,1
431,CDC,1
432,CERO CARE PRODUCTS LLP,1
433,CHANCY,1
434,CHAND BROTHERS,1
435,CHEAP,2
436,CHEMICO GLASS AND SCIENTIFIC COMPANY,1
437,CHENNAIMUSICALS,4
438,CHETANYA,4
439,CHETANYA ONLINE BUSSINESS,4
440,CJAY TRADER,1
441,CKB CREATIONS,2
442,CLEAN INDIA,1
443,CLEARING SALE OF YEAR,1
444,COLORTRADES,1
445,COMPUTER BOOKS & STATIONERY CENTER,1
446,COMPUTER CONSUMABLES COMPANY,2
447,COMPUTER WORLD  NIMTOURI,2
448,COSMETIC TRADERS,1
449,COSMETICS COLLECTION,1
450,COSMUS BAGS PVT. LTD.,2
451,CPSTORE,2
452,CRAFTS STOCK,3
453,CRAFTWELL,1
454,CRAZYDEALS,1
455,CROWN Stationers,1
456,CS Online Selling,1
457,CSC Car Decors,1
458,CSI Computer,1
459,CTM Homestyle Pvt Ltd,1
460,CTRIL,1
461,CV STUFF,1
462,CW96,3
463,Calypso,2
464,CamRack,1
465,Cambium Retail,4
466,Camera First,2
467,Candid Blue,4
468,Cannycom Store,2
469,Capital Sales,1
470,Capital Seller,5
471,CapriffIndia™,1
472,Captain LED,1
473,Car Store,3
474,Carazy,1
475,Carpartsexpert,1
476,Carry On Fashion Store,1
477,Cars outfit,3
478,Cart2India Online,19
479,Cart2India SLP,1
480,Cartridge Shop,2
481,Casa De Amor (TM),1
482,Cashien,1
483,Catch_D_Deal_SLP,2
484,CaymanSquare,2
485,CentIoT®,1
486,Cglobal,1
487,Chalk Factory,1
488,Champs Sports Goa,3
489,CheVik,1
490,Cheesycheeks,11
491,Chempure International,1
492,ChicTheDecor,1
493,Choice`,2
494,Chris and Kate,1
495,Chronex,1
496,Classic Network and Computers,8
497,Click At Luggage,2
498,Cloud  Tech,1
499,Cloud Warehouse,1
500,Cloud6,4
501,CloudChain,1
502,CloudNine India,1
503,Cloudsale®,3
504,Cloudtail India,232
505,Cloudtail.,11
506,Cloudtrade,1
507,CocoMoco Kids,1
508,Cognegic IT Services,3
509,Colorpur,1
510,Colour's India,1
511,Compassco,3
512,Compu Plus,1
513,Computer Tap,1
514,Computronics Multivision Pvt. Ltd.,5
515,ConbreStore,1
516,Cool Buddyzz™,1
517,Cooltail,2
518,Cosmic Communication,1
519,Cosmos Clothing Company,1
520,Cost 2 Cost1,1
521,Cpixen®,4
522,Crazy Sutra,1
523,CreativeCollection,1
524,Creativemarketing,2
525,Credence Industrial,1
526,Credo Accessories,1
527,Cross Border Trends,2
528,CrossWord Books,1
529,Croway Pvt India®,2
530,Crozon,3
531,Crust®,1
532,Crystalarc Lifestyle,1
533,Cube Shine,1
534,CurveIt,1
535,Cyruss,3
536,D & O Ventures Pvt Ltd,2
537,D K  Enterprise,1
538,D S Enterprise,1
539,D Sign Softech Private Limited,1
540,D'JazZ™,1
541,D-Cart,1
542,D. S. INTERNATIONAL,1
543,D3D SECURITY PVT.LTD.,1
544,DACHINE,1
545,DAIWIK ENTERPRISES.,1
546,DAS COLLECTIONS!,1
547,DATTA ELECTRICAL STORE,2
548,DAZIBAO,3
549,DCDR Infra Private Limited,1
550,DE Retail Inc,1
551,DEAL GURU,1
552,DEALINDIA1,4
553,DEALS HUB,1
554,DEALSWORTH,1
555,DECARATE CAR ACCESSORIES,1
556,DECHANT,3
557,DEEP TEXOFAB,1
558,DELHITRADERSS,1
559,DELIGHT SALES,2
560,DELTA ASSOCIATES,1
561,DELYTZ,1
562,DESK FLAIR™,2
563,DEZ9 Technology,1
564,DG enterprises,2
565,DH Value Store,1
566,DHANAM&COMPANY,1
567,DHANSHRE FITNESS,1
568,DIGI POINT,3
569,DIGITAL PARADISE,1
570,DIL Ki Deal,1
571,DIPL INTERNATIONAL,1
572,DIRECT FACTORY SALE,2
573,DIVI ENTERPRISES,1
574,DK SALES.,1
575,DKonline,2
576,DMLR,1
577,DMS STORES,1
578,DP Online,2
579,DR RETAIL,1
580,DREAM HOMEZ,1
581,DREAM LIGHTS,1
582,DREAMFIT,1
583,DSK Collections,1
584,DSK ENTERPRISES,1
585,DTD INTERNATINAL,3
586,DTH Digital India,1
587,DTH HUB INDIA...(._.)...,1
588,DTH Live,1
589,DTH SOLUTION,1
590,DTHIndia,1
591,DTL Company,5
592,DUPLETS ELECTRONICS PVT LTD,1
593,DVCOMM,1
594,DVJI,1
595,DYBANS TECH INDIA,1
596,Dahsha Enterprise,1
597,Daily Deals 2k19,2
598,Daily Shoppers,1
599,Daman Trader,1
600,Damurhu sales corporation,1
601,DareClickSLP,2
602,Datta Electricals and appliances,1
603,Deal of the day 24/7,1
604,Deal-Expert,1
605,DealBindaas,1
606,Deals Mania,1
607,Deals Sea,2
608,DealsMH,1
609,DealsMonk,1
610,Decent Exim,1
611,Deemanth Bags,1
612,Deep Gallery,1
613,Dein Kleider,1
614,Demart online services,2
615,Desert Retail,1
616,Dev Sports,1
617,Devansh Enterprises ..,1
618,Devineindia,1
619,Devlok Distributor,1
620,DhanSai Expressions,1
621,Dharmsut®,2
622,Dhruv Sportz,1
623,Dhruvi M,1
624,Dhwaj Flag,1
625,Diamond sell,1
626,Die Hard™ Collections,1
627,Digiclick store,1
628,Diginet India,1
629,Digital India Mart,1
630,Digital Nation Technology,1
631,Digital Shoppy,1
632,Digital Xpert,2
633,Digitall india,2
634,Discount Bazaar India,2
635,Discount Junction,2
636,Discount Retail,2
637,DiscounteDeals,6
638,Divyansh sales & trade co.,1
639,Diycomponents,1
640,Dj Pundits,1
641,Doublexstand,1
642,Dr HEALTH,1
643,Dr.Copper,1
644,DreamKraft™,1
645,Ducant India,2
646,Durga Sales Corporations,1
647,Durga234,1
648,Dutta Trader,1
649,E MALL INDIA,2
650,E shopping ( Virag Stores ),2
651,E-APPLIANCES,1
652,E-BUY,1
653,E-Emporium,4
654,E-KEY-FILL,1
655,E-Magic Solutions,1
656,E-SQUARE,1
657,E-commerce Planet,2
658,E-kart:The One Stop Shop,1
659,E.V.A.N,3
660,EASYone,2
661,ECOM KING,1
662,ECOM+,1
663,EDZARD ENTERPRISES,1
664,EEP_SLP,1
665,EL-TRONICS,1
666,ELAAR Store,2
667,ELECTOMANIA®,2
668,ELECTRONIC SCIENCE PROJECTS,1
669,ELECTRONICS MART INDIA LTD,1
670,ELECTRONICS PLAZA.,1
671,ELEVATE,2
672,ELITE BAGS,2
673,EMAZING DEALS,2
674,EMERGING TECHNOLOGIES THRISSUR KERALA INDIA,1
675,ENERSENSE,1
676,ENSP Online Retail Store,1
677,ESPIRE,1
678,ETAILZONE,2
679,EXECLUSIVE STORE,1
680,E_trader,5
681,Eagle Eye Gadgets,2
682,Eagle Information,1
683,Eagle Network Supply Pvt. Ltd.,6
684,Easy Home Deals,2
685,EasyHealth,1
686,Easyekart,1
687,Easysellers,1
688,Ebee®,1
689,Ebuy365,4
690,Ecom-Retails,5
691,Economically Musical,1
692,Ecotail Ventures,2
693,Edinms Technologies,1
694,Eeasy India,1
695,Einstein box,1
696,Ekart4u,1
697,Electrama,2
698,Electric-Deals,1
699,Electrical Courtyard,2
700,Electro Cafe,1
701,ElectroBot,5
702,Electronic World (IN),1
703,Electronic-Warehouse,1
704,Electronics Shoppe,2
705,Electronics Villa,1
706,ElectronicsArtGalleryEAG®,3
707,ElectronicsMarvel,2
708,Electroniks4u,1
709,Elektromart,1
710,Elevea™ Elite Shope(1Year Warranty Promise),1
711,Elite-India®,1
712,Elites Accessories,2
713,Ellonia,1
714,Emblem_SLP Samsung Authorized,1
715,Emmbros Overseas,1
716,EnetSLP,1
717,Enigma Solutions,1
718,Enivid Sales,1
719,Ensure Sales India,2
720,Entertainment Junction,1
721,Envie & Digitek,1
722,Envision Entertainment,1
723,Epitome M.,1
724,Ergode India,4
725,Ergy Store,2
726,Eshop 24by7,2
727,Eshoppinghub,1
728,Eshwari Biztech India Pvt Ltd,1
729,Esquare Enterprise,2
730,EssEll,1
731,Estore mall,1
732,EsyShop,1
733,Etail Ent,1
734,Etechserv,1
735,Even project solutions,2
736,Everycom Electronics,1
737,Evizo Direct,1
738,Evolve_SLP_Samsung Authorized,1
739,Exborders,23
740,Excel India Online,2
741,Excel Innovators,9
742,Express Delivery Retail,1
743,Eye2Eye,1
744,Ezioinc78,2
745,F Gear,1
746,F.B MART,1
747,F.O.R.,5
748,FAB BEAUTY STORE,2
749,FADDISH,1
750,FAST LIFE,3
751,FFCP - Yellow Bee,5
752,FINE KART,1
753,FINICKY-WORLD,1
754,FLASH SALES INDIA,1
755,FLOWERS ENTERPRISE,4
756,FOCUS CONSUMERS,1
757,FOOD AVENUE,5
758,FREDI HD PLUS,3
759,FSNSTORE,1
760,FTCPL,1
761,FUR JADEN,2
762,FYLFOT POINT,2
763,FabSeasons,3
764,Fabimpex,2
765,FactoryForward,1
766,Fair Deal Traders,1
767,Famacart,1
768,Familykart,2
769,Fansport,1
770,Fantom Store,2
771,Farraige Official,1
772,Faseekart,3
773,Fashion Link IN,1
774,Fashion n digital,1
775,FashionAble,1
776,Fashionn World,1
777,Fashions Store,2
778,FastDealsIndia,9
779,Fastprosolutions,1
780,Favourite BikerZ,2
781,Feedline Communications,1
782,Festivals_ SLP,1
783,Festivals_SLP_Mumbai,2
784,Fiducia India,1
785,Fighters,1
786,Fine Line Retails,1
787,Fire Security And Solutions,1
788,FirkeyZone,2
789,First Step Digital,1
790,FitXM,2
791,Fitness Hubb,6
792,FitnessHub,1
793,Flash Distribution,1
794,Flyers Bay,2
795,Fokatkart E-Commerce Pvt Ltd,1
796,Foodie Puppies®,4
797,ForBridge International,1
798,Forbeskart,1
799,Forever India.,2
800,Fortune International,2
801,FotoCart dot in,2
802,Four Brothers Shop,1
803,Fragrance Cafe,1
804,Frantic Trading,1
805,FreshFabrics,2
806,Full Of Toys,1
807,Fully®,1
808,Furracious Pet,1
809,"Fusion Technology, Muz",1
810,Fusion5 Tablets,1
811,Future-mart,2
812,Futurewagon Private Limited,1
813,G&S enterprise,1
814,G-Mart Store,2
815,G-force,1
816,G. G.,8
817,G.C.G.S,2
818,G.k electronic,2
819,GADGET DEAL,1
820,GADGETBESTBUY,1
821,GADGETHUT,3
822,GADGETKING,1
823,GADGETS GALLERY,2
824,GAME STOP,1
825,GAMERZONE,2
826,GAMES BABA,5
827,GENERIC HUB™,1
828,GENPROD,2
829,GENVEO Telecom& Security Alarm System india,1
830,GERMAN INTERNATIONAL,1
831,GLEAM BAGS,1
832,GLOBAL VISION SALES,1
833,GLORIOUS LIVING,1
834,GMCS-Ecommerce,2
835,GOELX- THE LARGEST CRAFT STORE,2
836,GOLD FITNESS(Lovely Sports),1
837,GOLDEN VISION,1
838,GOOD DEEDS,3
839,GOODNESS INTERNATIONAL,1
840,GOWRI MARKETING,1
841,GOYAL BROTHERS HOME APPLIANCES,1
842,GRABDEALS,3
843,GRD Enterprise,1
844,GREAN,1
845,GREAT VALUE PRODUCT,1
846,GREATINDIADEALS,1
847,GREATINDIAZONE,1
848,GREENLIME,1
849,GSDECOR,1
850,GSK Corporation,1
851,GSND Prime,1
852,GSR ONLINE,1
853,GT CAM INDIA,1
854,GT Glooptook,1
855,GTBPRODUCTS,2
856,GTC RETAIL,2
857,GTretails,1
858,GURNOOR COMMUNICATION (Mobile & Accesories world),1
859,GURU KRIPA TRADING,1
860,GURUJI INTERPRISES,6
861,GVC BAGS,1
862,Gadget Hero's ™,1
863,Gadget Walker,1
864,GadgetShoppe,2
865,Gadgetfreakz75,3
866,Gadgets of galaxy,1
867,GadgetsAccessories™,5
868,Gadgets_Guru,8
869,Gajraj,1
870,Galaxy Sales and Marketing,1
871,Galaxy Shopee,5
872,Gambol India,1
873,Game Addicts,3
874,Game On sports,3
875,Game X,3
876,Gamerz_world.,3
877,Games.stores,3
878,GamesTradeDelhi,3
879,Ganesh-Enterprise,2
880,Gangaur Tex,1
881,Gapkart,1
882,Garg bartan store,1
883,Gatiya Retail LLP,1
884,Gauryog,1
885,Gavin International,4
886,Gawin Sports,2
887,Geek STORE,1
888,Geek-O-Tech,1
889,Geetanjali Store,1
890,GemComp,1
891,GenXgAmE,1
892,Genius International,1
893,Genuine Sports Guaranteed,2
894,Giant B,3
895,Gifts Online,1
896,GiggleGlory.,1
897,Gilli Shopee®,2
898,Glace,3
899,Global Healthfit Retail,1
900,Global Medical Shop,2
901,Global Shopping Bag,2
902,Glossy Store,1
903,GoTo Style Mart,6
904,GoTrippin,1
905,GoalSquadShop,3
906,Gocart,1
907,GoldMakers,1
908,Good Shop Store,1
909,GoodWill Tech,1
910,GoodsSell,3
911,Goofy Tails,3
912,GopalJi Creation,1
913,Goreitia,1
914,Gorilla Fans,1
915,Goyal Enterprises 23,1
916,Goyal International,1
917,Grab All Deals,1
918,Grace St.,1
919,Great Indian Sale,1
920,Green Mart India,1
921,GreenWood Organic & Bamboo clothing,1
922,Greener One,1
923,Greeneye Technology,1
924,Grey Stone,2
925,Grooming Kart ®,1
926,GrvEnterprises,1
927,Gsm DUMANHILL ®,2
928,Gss creation,1
929,Gulati marketing Corporation,1
930,Gulati traders,1
931,Gupta  Trading Company,1
932,Gupta Computer Care,1
933,Gupta brothers chandigarh,1
934,Guru ji telehub,2
935,Guruji Gifting,2
936,Guruji Trading Company,1
937,GymMart(Fit-N-Fine Fitness),1
938,H.R Enterprises,2
939,HAPPY DEALS4U,1
940,HARI HARA ENTERPRISES,2
941,HARI RETAILER'S,1
942,HARI TRADERS.,1
943,HARIOM ( SMT™ ),1
944,HARIOM COMMUNICATION LLP,1
945,HASHTAG FITNESS,1
946,HC COLLECTIONS,1
947,HCSLite,1
948,HDR INNOVATION,3
949,HE RETAIL SUPPLIES,1
950,HE SALES,1
951,HEALTHCARE BIOTECH™,1
952,HEALTHEX,3
953,HEENAL,2
954,HEER,2
955,HI-LITE ESSENTIALS,3
956,HIPKOO SPORTS,1
957,HNR Retail,1
958,HOLME'S SHOP,1
959,HOME BARGAIN,1
960,HOME BUY® STORE,1
961,HOME FINERY,1
962,HOME MAKE STORES,1
963,HOMZ WONDERS,1
964,HORIZONINDIA,1
965,HOUSE OF QUIRK,5
966,HP GREEN SOLUTIONS,1
967,HQMS TECHNOLOGIES,1
968,HR ENTERPRISES.......,2
969,HRB Musicals,7
970,HRD SALES,1
971,HSInternet,2
972,HT Kitchen Gallery,1
973,HUB MART,8
974,HUKUM ENTERPRISES,2
975,HYGIENIC DIAPERS,3
976,Haiko,1
977,Hamilton Housewares,3
978,Hampi Computers,1
979,Hardtrac_SLP Samsung Authorized,1
980,Hargovind,1
981,Hari Om Mobile,2
982,Hari_e_commerce,1
983,Harmony Gift,1
984,Harricane,1
985,Harsh Enterprises.,1
986,Hasan trading,2
987,HashTag Glam 4 Gadgets,1
988,Havens Marketing Private Limited,1
989,Headly Fitness,1
990,HeadsUpForTails,1
991,Health Zzone,1
992,Health&Glow,2
993,Healthcare Supplies,1
994,Healthy18,1
995,Heega Sports,1
996,HelloYehlo,12
997,Helmetdon,3
998,Hey Ram,1
999,Hi-Tech Systems Satara,1
1000,Hightop Sports Industries,1
1001,Hindustan Deal,1
1002,Hindustan Industries,1
1003,Hira Enterprises.,1
1004,Hitech Enterprises.,3
1005,Hiyanshi Creations,1
1006,Home & Audio,1
1007,Home & Kitchen Gallery,5
1008,Home Care products,1
1009,Home Furnishing -Made In India by RajasthaniKart,1
1010,Home Shop®,1
1011,Home arena,1
1012,Homecart,2
1013,Homedeliverykart,1
1014,Homeproducts4u,1
1015,Homyl IN,2
1016,Honest Shop,1
1017,Honey Retails,1
1018,House Of Electronics,1
1019,Hunky Dory Kids,1
1020,Hunt India,2
1021,I K ENTERPRISES,1
1022,I MAD,1
1023,I.R. INTERNATIONAL,1
1024,IBAZAR,2
1025,ICONIC INC.,1
1026,IDEAL COMPUTER KOLKATA,1
1027,IFIHomes,2
1028,IMPEX PERFECTION,1
1029,IMPORT EXPORTS ™,1
1030,INDIA ENTER,1
1031,INDIA RETAIL's,1
1032,INDIA TRADERS,1
1033,INDIAN  SHOP,1
1034,INDIANS_PRIME,1
1035,INDIAS HEART,1
1036,INDIASHOPERS,1
1037,INFINITY HOSPITALITY,1
1038,INFOTRADE IMPEX,1
1039,INNOVATIVE DESIGN AND ELECTRONIC APPLICATION(IDEA),1
1040,INSPIRE CRAFT,2
1041,IQONIQO INC.,4
1042,IROBOTBOX,1
1043,ISEE 360,1
1044,ISOMARS,1
1045,IT SALES,1
1046,IT STORM,1
1047,IT TECH SOLUTIONS,1
1048,ITBUSINESS2017,1
1049,ITIANS,1
1050,ITTSTOREE(EXCLUSIVE STORE),1
1051,Ibuy Online,1
1052,Icons-Mumbai Asus / MSI Authorize Partner,1
1053,Impact services,1
1054,ImplyWorld,1
1055,Importkar India,2
1056,Indeals,1
1057,Independence  offers_SLP,1
1058,India Ecom,1
1059,India INC.,6
1060,India Sales Corp,4
1061,India Trading Company,1
1062,India.Mart,1
1063,IndiaMart Electronics®,3
1064,India_Retail,1
1065,Indian Hobby Shop,1
1066,Indian Trading,1
1067,Indian crockery house,1
1068,Inditradition ®,11
1069,Indocool,1
1070,Infallible Deals,2
1071,Infinite IT Solutions & Services,1
1072,Infiniticomputers,1
1073,Infinity Games,4
1074,InfinityStores,2
1075,Ink Cartridge Shop,1
1076,Inkart Retail,1
1077,"Inkcaboodle, DELHI",1
1078,Innotech Lifecare,1
1079,Innovative E-Store,2
1080,Innovegic Mart,1
1081,Inreco,1
1082,Instrukart Holdings,2
1083,International Hub,1
1084,Involve Your Senses,1
1085,Ish Traders,1
1086,Ishan Electricals,1
1087,Ishant  E Store,1
1088,Isupersport,1
1089,Itdeals,1
1090,Ivaan,1
1091,Izcorp India,1
1092,Izoo®,1
1093,J H MART,2
1094,J P Sales,5
1095,J. C. ENTERPRISE,1
1096,J.C.Sales,3
1097,"J.K.ENTERPRISES""",1
1098,J.S.R TEXTILES,2
1099,JAGDAMBA MULTISERVICES,1
1100,JAI JALARAM GIFT & STATIONARY,3
1101,JAIKARA,1
1102,JAIN & BROTHERS,1
1103,JAINAM SHOPPING MART,1
1104,JAPSBAG,1
1105,JAPTEC,1
1106,JAS PVT LTD,1
1107,JAY MEDICALS,1
1108,JAYSON ACCESSORIES,1
1109,JAZZ FASHIONS,1
1110,JBB Retail,1
1111,JBS Corporation,1
1112,JHA & BROTHERS,1
1113,JINKRYMEN,1
1114,JJMEHTA Mumbai,1
1115,JK GUPTA,3
1116,JK India,2
1117,JMAGS,1
1118,JMD ENTERPRISES 24X7,2
1119,JMD Global Sales,1
1120,JMD Helmets,2
1121,JMD Traders 001,1
1122,JN Retails,1
1123,JOTIY NAGAR,1
1124,JPS Lifestyle Products,4
1125,JPSmartStore,1
1126,JSB Healthcare,1
1127,JSC RETAIL,1
1128,JSD PRO,1
1129,JTJ INDIA RETAIL,1
1130,JUMMAH ELECTRONICS,1
1131,JUNOS,1
1132,Jadagamba Electrical,1
1133,Jade Spade,1
1134,Jagdamba etraders,1
1135,JaguarServices,1
1136,Jagyogi Enterprises,1
1137,Jain-E-Shop,1
1138,Jajoria Store,1
1139,Janjua Sports,3
1140,Jass Home Decor,1
1141,Jay gurudev tailoring material™,3
1142,Jha&bros FREE Additional 90 days Warranty services,1
1143,Jibin Agencies,1
1144,Jilani® Trading,1
1145,Jjt traders,2
1146,JnY Entertainment,4
1147,JollyBuy,4
1148,Jumbo Retails,2
1149,Jungleaid,1
1150,Juniors Junction,6
1151,Just Deal Mart,1
1152,Just Smart Products,1
1153,Jyoti Devi,3
1154,Jyoti Infocom,1
1155,K London,1
1156,K N ENTERPRISES 1,1
1157,K.M.ENTERPRISES,1
1158,K5SPORTS,1
1159,KAAMDHENU,3
1160,KALYAN ENTERPRISES UDAIPUR,1
1161,KAMALANJ TRADING CO,1
1162,KAMDHENU SPORTS,5
1163,KAN & STYLE 98,1
1164,KARUNAENTERPRISES,1
1165,KAS CREATION,5
1166,KATALYSST,1
1167,KB HOME PRODUCTS,1
1168,KCM_STORE,2
1169,KESARIYA AGENCIES,1
1170,KESL,1
1171,KGL Trading,1
1172,KIDA Retail Private Ltd,5
1173,KIDOFLY INDIA,1
1174,KINNARAS TRADING CO.,1
1175,KLICKHIGH,1
1176,KM&Co,1
1177,KNG NZ 83,1
1178,KPA,1
1179,KPH Sales,1
1180,KPSalesIndia,2
1181,KRISHNA A2Z,2
1182,KRISHNA ELECTRICALS & HARDWARES,1
1183,KRIVA ENTERPRISE,2
1184,KULDEEP CAR ACCESSORIES,1
1185,KUSHWAHA TRADERS,1
1186,Kabello® - Kanika Enterprises,1
1187,Kaira Accessories,1
1188,Kalptaru Trade,7
1189,Kamel enterprises,2
1190,Kanha Retails,1
1191,Kanhaiya Enterprises(KE) Dhanbad,1
1192,Karnimaaji,2
1193,Kart Trade,1
1194,Kasnox,1
1195,Kaushal Sports Industries,1
1196,Kayra Decor,1
1197,Kb Traders,2
1198,Keerti Agencies,1
1199,Keshav Industries.,1
1200,Khanna enterprise,1
1201,Kharesiya Group,1
1202,Kharidiye dot com,15
1203,Khel Kood,1
1204,Khem singh enterprises,1
1205,Khurana_Store,2
1206,Khushi Musicals,1
1207,Khushi NX,2
1208,KiViS Retail,2
1209,Kid's World India,1
1210,Kids Gate Games,2
1211,Kids Haveli,4
1212,Kids Treasures,1
1213,Kindle Retail,2
1214,King Security~,4
1215,King automotives,2
1216,KiranaMarket,2
1217,Kiron,11
1218,Kitchen Mart,1
1219,Kitchenking,1
1220,Klick Technology,1
1221,Knexmart,3
1222,Kochar Computers,2
1223,Kosmic Square,2
1224,Kosmētika,3
1225,KraftIndia,1
1226,Krazzy Deal,1
1227,KrishCommerce,1
1228,Krishna Computers indore,2
1229,Krishna Creators,3
1230,Kritika Enterprises Cosmetic,1
1231,Ktrack International,1
1232,Kukatoo,10
1233,Kurtzy-India,1
1234,L G OVERSEAS,1
1235,L. B. PRINERS,1
1236,L.R.S (INDIA),1
1237,LAFFALE INTERIO SOLUTION,1
1238,LEARNIX,1
1239,LED AND HOMETHEATRE MART CHENNAI,1
1240,LEECHY UTILITIES,2
1241,LENS HOOD DEALS,1
1242,LIBRA COM CORP,1
1243,LIFE AND ART ACADEMY,1
1244,LIFESTYLES,3
1245,LIQUIDO SOLUTIONS,2
1246,LITTLE MILLENNIUM EDUCATION PRIVATE LIMITED,1
1247,LITTLE TOYS,1
1248,LOKESH ELECTRONICS,1
1249,LOVEMUSIC,3
1250,LOWEST PRICE SHOP,2
1251,LOWEST PRICE SHOP-1,1
1252,LSSales,2
1253,LabKart India Pvt Ltd,1
1254,Laddu Gopal Poshak,1
1255,Lakshita Shop!!,2
1256,Lakshmi Enterprises....,1
1257,Lakshmigraha Worldwide INC,1
1258,Lance Retail,1
1259,Laxmiganapathi enterprises,1
1260,Laxsun,1
1261,Le Younkers Retail,1
1262,Leather Retail,1
1263,Lehnn and Me,1
1264,Lets Buy,1
1265,Leverage Science And Technologies Limited,1
1266,Lexica,2
1267,Lifestyle Fashions,1
1268,Lifestyle Solutions,1
1269,Lightning_Dealz,2
1270,Lilypunk,1
1271,Liolis,1
1272,Littly,1
1273,Livzing,1
1274,LogisyzTech,3
1275,London Hills,3
1276,LondonStreet,1
1277,Lordkrishna's,1
1278,Loreto,1
1279,Lotus Marketing and company,1
1280,Lovely Arts collection,1
1281,Lucky Pen Center,4
1282,Lyallpur Stores,1
1283,M 7 e TRADERS,1
1284,M D  ENTERPRISE,1
1285,M MEGA MART™,1
1286,M-TECHNO,4
1287,M-Tech,2
1288,M. S. TRADING CO.,1
1289,M.A Enterprise,1
1290,M.G.R,1
1291,M.P.Enterprises,3
1292,M.R. ENGINEERING,1
1293,M.R.Computers,1
1294,M.V.S.N,2
1295,M/S Akhilesh,2
1296,M/S COOL DUDE,1
1297,M/s Gifts World,2
1298,M/s Samriddhi Ecom,2
1299,M/s Vamika Trading Company,1
1300,M/s. PAPYRUS,3
1301,MAA SARODA PHARMACEUTICAL,3
1302,MADHAV MARKETING,1
1303,MAGIC BELLZ,6
1304,MAGIC VAULT,1
1305,MAHADEV SPORTS MEERUT CITY,2
1306,MAHANANDI WEB SERVICES,1
1307,MAHAVIR ELECTRONICS ME,1
1308,MAK_MART,2
1309,MANDEEP SERVICES,2
1310,MARKS A,1
1311,MARUTI1,1
1312,MATTRIX INTERNATIONAL,3
1313,MAXBOOST,1
1314,MAXEEMISER,1
1315,MAXUS IT,2
1316,MAYANK. ENTERPRISES,1
1317,MB VISION,1
1318,MBI Store,3
1319,MBMInnovations,7
1320,MDENTERPRISES0901,1
1321,MEGADEALS 27,1
1322,MEXTECH TECHNOLOGIES  INDIA PVT LTD,1
1323,MGENTERPRISE,1
1324,MGR ENTERPRISES,1
1325,MHV TECHNOLOGIES,1
1326,MICROMINI,2
1327,MIRAZ,1
1328,MKIP,3
1329,MM Sales Corporation,1
1330,MMR Mades,2
1331,MOBITRONIC_SLP-SAMSUNG AUTHORIZED,1
1332,MOGAPPAIR SHOPPEE,1
1333,MOHIT RAKHI,1
1334,MOMAI ENTERPRISE,2
1335,MONICAI,2
1336,MORGAN FILTRATION,2
1337,MOTHERS HOME APPLIANCES,2
1338,MOVIEZONE,6
1339,MPG GROUP PVT LTD™,2
1340,MPS PVT. LTD,2
1341,MR SCIENTIFIC CENTER,2
1342,MR stationery store,7
1343,MRGDT,1
1344,MSALE,1
1345,MSN Enterprises2015,1
1346,MUMBAI SELLER,2
1347,MURGAN,2
1348,MUSIC  KING,1
1349,MUSIC N BEYOND,3
1350,MV Inforways,2
1351,MV VENTURES,2
1352,MY Choices ID,1
1353,MYCAR ADDON,2
1354,Maadurgacreation,2
1355,Maayra ColorWorld,1
1356,Mack Retail,1
1357,Madaan communication,1
1358,Madipakkam Sports,1
1359,Madura Tools and Pneumatics,1
1360,MahajanSports,2
1361,Mahalaxmi Paper Products,2
1362,Mahaveerelectronics,1
1363,Mahavir Sports And Fitness,1
1364,Mahesh Creations Store,3
1365,Mahesh General & Fancy Store.,1
1366,Mahesh unique collections,2
1367,Mahna Auto Store,3
1368,Makemydeal,1
1369,Malhotra electronics.,1
1370,Manan Trading,2
1371,Mandhania E-Commerce,1
1372,Mani Sales,1
1373,Manoj Kumar Aggarwal,1
1374,Mansi Filaments PVT. LTD,1
1375,Marche Ricche fashion,3
1376,Marine Pearl,1
1377,MarshallsPetZone,1
1378,Maxine Electrical,1
1379,MaxxGallery,1
1380,Mayfly Books,2
1381,Mee Mee,1
1382,Meera-Enterprises,22
1383,Meeso International,1
1384,Mega Global,1
1385,Mehta Ent,2
1386,Meili,3
1387,Meru Enterprises,1
1388,Metaphor Store,1
1389,Metro Enterprise,2
1390,Metro Mart India,2
1391,Metroz Enterprises.,1
1392,Meya Happy®,1
1393,Milestone Info Solutions,2
1394,Minti Ji,1
1395,Miracle Retail,1
1396,Mittal Power System,2
1397,Mittal chemist,2
1398,MittalDistributors,1
1399,MobiNok(Brand Authorised Seller ),1
1400,Mobile Forum,1
1401,Modern Equipments,1
1402,Modern Tech.,1
1403,ModernStores2017,2
1404,Monalisa bags,1
1405,Moonlight Express,1
1406,Morya Super Shoppee,1
1407,MotoRogue,1
1408,MpkrtRetailNet,1
1409,Ms Enterprises 007,1
1410,Muchacho India,1
1411,Mudra Retail,1
1412,Mufubu,1
1413,Muggles International,1
1414,MultiStore25,1
1415,Mumtaj beauty palace,1
1416,Musee Musical Pvt Ltd,1
1417,Music Chub,1
1418,Music Corner Chandigarh,6
1419,Music Lovers India,2
1420,Music Tycoons,4
1421,Music ville pvt ltd,1
1422,Music&more,9
1423,MusicWale,2
1424,Musician Jack,1
1425,Musician's Point,1
1426,My Beauty Bazaar,6
1427,My Nutra Mart,1
1428,My bags.,1
1429,MyGameShop Kolkata,3
1430,MyITonline,2
1431,MyKart99,1
1432,MyPryce,1
1433,MyTechVision,2
1434,Mycica,1
1435,Mydeal365,3
1436,Myhealthycopper,1
1437,N Choice Bags,1
1438,N K Gupta & Co.,3
1439,N-Mediatech,1
1440,N. K. MARKETING,1
1441,N.S.N. ENTERPRISE,1
1442,N.V.C.,3
1443,NAIKY,1
1444,NAMO 2019,2
1445,NAVKAR !!,3
1446,NAVKAR SOLUTION POINT BIKANER,1
1447,NAVKAR SYSTEMS,1
1448,NAVYA TRADERS,1
1449,NAYKA®,1
1450,NAYSA,1
1451,NEELESH LIGHT HOUSE,1
1452,NETGEN,1
1453,NEW ERA TECH,1
1454,NEW GOODLUCK G STORE,5
1455,NEW2018,1
1456,NEWBORN KIT,1
1457,NEWTECH inc,5
1458,NEXPER,1
1459,NIS COMPUTER,1
1460,NISUN INC.,1
1461,NIVEDITAOVERSEAS,1
1462,NMPL(NOISE),1
1463,NO WORRY SPORTS2,1
1464,NOVATECHWORLD,1
1465,NPI Fitness,2
1466,NPRC,1
1467,NRMART,1
1468,NRS Group,1
1469,NTCmark,6
1470,NaTiVe StOrE,3
1471,Nakoda Cellular,1
1472,Nakoda Tech,1
1473,Nakoda Trading,1
1474,Nallu Infotech,8
1475,Nandi home appliances,1
1476,Nandwani Enterprises,1
1477,Naomika Enterprises,1
1478,Narendra chhabda,1
1479,Narpatsingh9791067525,1
1480,Nash Convergent Solutions,1
1481,National-shoppe,4
1482,Natural and tile selling,1
1483,Naughty Cosmo,2
1484,NeedyBee,1
1485,Nehal Infotech,1
1486,Neil Enterprises,1
1487,Neminath Electricals,1
1488,Nervy Technologies,1
1489,Neudigitronics,1
1490,New Online Deals,1
1491,New Online Fashion,1
1492,New Super Star Selections,12
1493,New Tech World,1
1494,New Webshoppers,1
1495,New Year Dhamaka,1
1496,New York Plaza,2
1497,New fashion 4 U,1
1498,Next World Retail,1
1499,NexusCorp®,1
1500,Nice Line Bags,1
1501,Night Hawk,1
1502,NikZone,2
1503,Nilvarna Handicraft,1
1504,Nimble house,1
1505,Nimbose®,1
1506,NionAI,1
1507,Nirmalsale,1
1508,Nischal Impex,1
1509,Nishadil Retails,1
1510,Nishka Technologies,1
1511,Nitesh Electronics,1
1512,Nithi Enterprise,1
1513,Njoy-Buying,4
1514,NoWorrry,1
1515,Nohunt,1
1516,Nostro Store,1
1517,NoteKart,1
1518,Novelty Smart Kitchen,1
1519,Novex,1
1520,Nst online,1
1521,NumBrave,4
1522,Nureca Inc USA,3
1523,Nutan medical hall,1
1524,Nutrition xp,1
1525,NyCraze,8
1526,O Three,1
1527,O.S TRADERS,1
1528,OJASVI HERBS,2
1529,OL ELECTRONICS,1
1530,OM INDUSTRIES INDIA,1
1531,OM SAI CAR DECOR,1
1532,OMBUZZ SERVICES,1
1533,ON GATE®,1
1534,ONKĀR,1
1535,ONLINE ALL IN ONE SHOPPE,2
1536,ONLINE DTH SHOP,1
1537,ONLINE HUT,1
1538,ONLINE SHOP 24,2
1539,ONLINEMANTRA,2
1540,ONLINESURYAA,1
1541,OPAS PRODUCT,1
1542,OPERA HOUSE,1
1543,OPG Sourcing,1
1544,OR CONSULTANTS,1
1545,OWN INDIA TRADERS,2
1546,Oceans Trade,1
1547,Oddish way to fitness,1
1548,Odila Zone,1
1549,Oero Pvt ltd,2
1550,Official Digital Vengeance,5
1551,Offimart™.,7
1552,Oggin Tech,1
1553,Okayji,2
1554,Olab Industries,2
1555,Olympia Electronics SLP,3
1556,Olympia Industries Ltd.,4
1557,Om Beauty,1
1558,Om Sai Computers79,1
1559,Om Technocraft,2
1560,Om Trading Company..,1
1561,Om plastic business,1
1562,Omenterprises59,1
1563,Omnisleep Solutions,1
1564,OnRoute Tech Pvt Ltd,1
1565,Onam Retail,2
1566,One STOP Shop®,7
1567,One n Seven Crew,3
1568,OneStop Traders,1
1569,Online BGA,2
1570,Online Boss,3
1571,Online IT World,9
1572,Online Monk,1
1573,Ontime™,1
1574,Open Road Ventures,1
1575,Oraima Electro Power,1
1576,Orange E store,2
1577,Orgner,1
1578,Original Car Key Covers,1
1579,Original cartridge store,2
1580,Oshop Trades,2
1581,Ozoy®,1
1582,P.U.P.S,1
1583,PA ENTERPRISES08,3
1584,PABUJI ENTERPRISES,1
1585,PACKIA JAYANTHI TECHNOLOGIES,2
1586,PADMAVATHI  DISTRIBUTORS,1
1587,PAM TRADERS,2
1588,PARADISE INDIA,3
1589,PARADIZE TECH,1
1590,PARSHVA TRADING,1
1591,PARV SALES,4
1592,PARVEEN STORE,1
1593,PATANJALI SWADESHI KENDRA,1
1594,PATNA COMPUTERS PVT LTD,1
1595,PAYSTORE,1
1596,PAZZO,1
1597,PC DOCTORS,1
1598,PC.LAB,1
1599,PEAK INTERNATIONAL,1
1600,PEC Company,1
1601,PETWHOLESALEDOTIN,1
1602,PHOTO POINT DELHI,1
1603,PICKNGRAB OFFICIAL,1
1604,PINK TRADERS,1
1605,PINNACLE ELECTRONICS,3
1606,PIONEER SPORTS,3
1607,PIONEER SPORTS ONLINE,1
1608,PITZO ONLINE,1
1609,PK Fitness Yoga Mat Pvt Ltd,1
1610,PK Mobiles,1
1611,PLTyfsail,1
1612,PMP Infoservices Pvt. Ltd.,1
1613,POLESTAR-BAGS,1
1614,POOJA TRADING,1
1615,PRAGMATIC EMBD SOLUTIONS,1
1616,PRAKASH GARMENTS,1
1617,PREET HOME APPLIANCES,1
1618,PRIME CREATION,2
1619,PRINTER HUB,1
1620,PRINTERS HUB,2
1621,PRO365®,1
1622,PRODUCT GALLERY,1
1623,PRODUCTMINE  ®,2
1624,PROKLEAR®,1
1625,PROMAC,1
1626,PS Enterprises.,1
1627,PTpodsm,1
1628,PUNEET SPORTS GALLERY,1
1629,PUSHBRITE,1
1630,PYRAMID21,1
1631,Pack N Promo,1
1632,Packkart,5
1633,Pados Ki Dukaan,2
1634,Palak Agencies,1
1635,Palm Retail,3
1636,Palred Retail,1
1637,Pande General Agency,1
1638,Pankajtelevideocentre,11
1639,Paper Plane Design,1
1640,ParadiseCollection,1
1641,Paradox India,1
1642,Param Udyog,1
1643,Paras Electricals,1
1644,Parashar's Sports,1
1645,Parijata,4
1646,Partyhunters,1
1647,Patra Bhandar,1
1648,Pattam Agencies,1
1649,Pavan Retailing,1
1650,Paws for a cause,2
1651,Paykars,1
1652,PcBucket,1
1653,Pcs System,2
1654,Peach Imports,4
1655,Pearls Rays,2
1656,PeehuEnterprises,1
1657,Penz Solutions,1
1658,Perfect Online Deals,3
1659,Perfect Pricee,1
1660,Perfect Sales India,3
1661,Perfect world computer,1
1662,PerryFerric Retail,1
1663,Perusal,1
1664,Pet Hub,1
1665,Pet adda,3
1666,PetSutra,1
1667,Pets Kingdom,3
1668,Photoking Retail,1
1669,PickTheDeal,1
1670,Pilot Sports,2
1671,Pilot Sports Co.,2
1672,Planet India,1
1673,Play Panda,1
1674,Playmart India,3
1675,Plenzo,1
1676,Plus Kart SLP,1
1677,Plus Point Marketing,1
1678,Pooja Concepts,1
1679,Pooja electricals & hardwares,1
1680,Popscart,1
1681,Popular Electronics Mumbai,2
1682,Pournami Engineering Solutions,1
1683,Power fit,1
1684,Power-Fit,1
1685,PowerPak CameraZone,4
1686,Powermax Fitness India Pvt. Ltd.,1
1687,Prabha security,1
1688,Prachi Computers,1
1689,Prana Air,1
1690,Prayag enterprises,1
1691,Premier Appliances N Electricals,1
1692,Premium-Design,5
1693,Premium-X,1
1694,Presidency Cycles,1
1695,Pretty Krafts,1
1696,Prettyia IN,2
1697,Price Perfect Enterprises,1
1698,Prilin Enterprises,1
1699,Primarc Pecan Retail,2
1700,Prime Stationary,1
1701,Prime Store(ME),1
1702,Prime-Global,1
1703,Prince Enterprise India,4
1704,Prince products,3
1705,Prince-Mobile,1
1706,Printdoot Corporation,2
1707,Pritam Music Pvt. Ltd.,48
1708,Pro Active Sports,1
1709,Pro Gadget India,1
1710,Pro Smart IT Solutions,1
1711,ProAudioVideo,2
1712,Profitech Communication™,1
1713,Protech.,1
1714,Protokart,1
1715,Proton Delhi,1
1716,Proton mumbai,1
1717,Pruthvik Enterprise,1
1718,PudongIN,1
1719,Puma Sports India,1
1720,Pup Kart,3
1721,Pupkart,3
1722,Q Tech Engineering,1
1723,QFX9,1
1724,QUALITY TEAM-AMZ,1
1725,QUARTZITE™,1
1726,QUIDDITY RETAILS LLP,2
1727,Quace Solutions,1
1728,Quality Gadgets,1
1729,Quality WIth Satisfaction Shop,2
1730,Qualitymartss,1
1731,Querencia,1
1732,QuicKart (3-Strips),1
1733,Quims,2
1734,Quinze Products,1
1735,QwickDeal Online Shopping Private Limited,2
1736,R & R,1
1737,R A C H N A,1
1738,R D Retail,3
1739,R K AGENCIES.,3
1740,R N PROMOTERS,1
1741,R S TRADERS DELHI,1
1742,R k Retail,1
1743,R-shield,1
1744,R.B. Collection,1
1745,R.C. Store,3
1746,R.D. Retail,1
1747,R.K. INFOTECH  ONLINE,1
1748,R.K. INTERNATIONAL,1
1749,R.K.Computer(SAI),1
1750,R.S ENTERPRISES.,1
1751,R.S Musics,1
1752,R.S Retailer,1
1753,R.S entp,1
1754,RA Sellers,1
1755,RADIO & GRAMOPHONE HOUSE,20
1756,RADIXSYSTEMS SERVICES,1
1757,RAHUL COMPUTECH,2
1758,RAJ AUTO AGENCIES,1
1759,RAJ COSMO CARE,1
1760,RAJA BAZAAR,5
1761,RAJU COMMUNICATION.,1
1762,RAJU TOYZ,1
1763,RASCO SPORTS,2
1764,RASON SPORTS,1
1765,RATRADERS,1
1766,RAVI COMPUTER SOLUTIONS,1
1767,RAadhe,1
1768,RBt ONLINE,1
1769,RD World,1
1770,RDX MUSIC STORE,1
1771,REAL BRILLIANCE,2
1772,REAL_1 STORE,5
1773,REES52,1
1774,RELAXINDIA MARKETING PVT. LTD.,3
1775,REPL Retail,1
1776,REURJA SOLUTIONS PRIVATE LIMITED,1
1777,REYHAAN ENTERPRISES,1
1778,RG ONLINE STORE,1
1779,RH STORE,3
1780,RHIME,3
1781,RHMART™,4
1782,RHYTHMELECTRONICS,1
1783,RIANZ™,2
1784,RIDDHI IMPEX SECURITY SYSTEM,1
1785,RIGHT2CART,1
1786,RKBOOKSHOP,1
1787,RMR BRANDS,2
1788,ROCKETKART,1
1789,ROLLTOP,3
1790,RONNY SPORTS,1
1791,ROOT OF PUSHKAR RECORDS,1
1792,ROYALS AUTO SALES,1
1793,ROYALTRADERS,2
1794,ROYAL_SHOPPERS,1
1795,RPATEL®,2
1796,RPM Enterprises,1
1797,RPM store,2
1798,RR Creations,1
1799,RR's,1
1800,RREnterprise,1
1801,RRSellZ,1
1802,RS SHOPPING,1
1803,RS wholesalers,1
1804,RSFurnishing,1
1805,RUDRA COMPUTER AGENCY,2
1806,RUDRA CREATIONS INDIA,2
1807,RUSHI ENTERPRISE,1
1808,RUSTAM HANDICRAFTS,1
1809,RaJ,3
1810,Radhasoami Enterprises,1
1811,Radhey Techno Service,2
1812,Rahul Cycle Store's,2
1813,Rahul_Traders,1
1814,Raincart,2
1815,Raj Cycles Ldh,2
1816,Raj Rajeshwari computer,1
1817,"Rajasthan Handloom , Bahadurgarh",1
1818,Rama's Shop Packers,1
1819,Ramenterprise,1
1820,Ramilton India,3
1821,Rana Trader,1
1822,Rapid Mart,1
1823,RapidWorld,3
1824,Rapidora.,4
1825,Rastogi Bag House,1
1826,Ratan'S,2
1827,Ratilal Jivanlal Mistri,1
1828,Ravaana,3
1829,Ravishing Variety,2
1830,Rawat Shopping Store,6
1831,Rays Tek,1
1832,"Real Computers - Asus Exclusive Store, Pune",1
1833,Realm India,2
1834,Redonez Accessories,1
1835,Redwolf T-shirts,1
1836,Reflection men's wear,1
1837,Regor Direct,1
1838,Reliable Accessories,1
1839,Reliance Home Video & Games,12
1840,Relimart,1
1841,Retail Champ,2
1842,Retail Hub,1
1843,Retail Traders Pvt Ltd,1
1844,Rich Bells,1
1845,Rishabh trading,1
1846,Rising Sparkle,2
1847,Rite Clique,1
1848,RnR Incorporation,1
1849,RoadGods,1
1850,Robo Inventors,1
1851,Robotbanao,2
1852,Rock world,1
1853,Rockfield,1
1854,Rockingdeals,2
1855,Rohit and company,1
1856,Romaansa,2
1857,Roomstyle,1
1858,Roop Decor,1
1859,Rose Musicals instruments,1
1860,Roy Imaging,1
1861,Royal Enovations,1
1862,Royal Holdings,1
1863,Royal Instrument,3
1864,Royal shine direct,2
1865,Roziz,1
1866,Rpi Shop,1
1867,Ruchi Creatation,1
1868,Rudra Retail Store,2
1869,Rush4toys,1
1870,Ryan Overseas,1
1871,Ryka collection,1
1872,S Craze Hub,1
1873,S R BATTERY SERVICE,1
1874,S S T,1
1875,S S TRADERS HYDERABAD,1
1876,S S Technovation,1
1877,S V  ENTERPRISES,1
1878,S bags & Luggage,2
1879,S. Enterprises.,2
1880,S.AEnterprises,1
1881,S.G Musical,1
1882,S.K Homes,1
1883,S.K. Agrawal Traders,1
1884,S.K.Horn Point,1
1885,S.R.DISTRIBUTORs,1
1886,S.R.S-Luxurious Living For All,1
1887,S.S.T.Z,2
1888,S4D COM,1
1889,SAAMIYA ENTERPRISE,1
1890,SADBHAVNA,1
1891,SAFAR,1
1892,SAFETYNET1,3
1893,SAGE910,2
1894,SAH TRADERS,2
1895,SAI ENTERPRISES JAIPUR,1
1896,SALE OF POINT,1
1897,SAMEO,3
1898,SANGANESHCOMPUTERS..,1
1899,SAR ENTERPRISES 2017,1
1900,SARFUDDIN FLUTES,1
1901,SARTHAK ENTERPRISES,1
1902,SAS Stores,1
1903,SATTO MOBILE WORLD,1
1904,SATYADEVA ENTERPRISES,1
1905,SAUDAGAR,2
1906,SAVERA ENTERPRISES,1
1907,SB Agencies,1
1908,SC ONLINE,1
1909,SCOOTERS SPARES MADRAS,1
1910,SD TOP QUALITY,1
1911,SE GLOBAL,1
1912,SE International,1
1913,SEASON SALE,1
1914,SEE INSIDE,1
1915,SEEKU,1
1916,SENTHIL CHETTIYAR,1
1917,SF Live,3
1918,SG Trade Concepts,1
1919,SGL Store,1
1920,SGS GROUP,1
1921,SHANE Retailers,1
1922,SHARP HEALTH SOLUTION®,3
1923,SHAYONA CREATION,5
1924,SHILPA AGENCIES ( TEXTILE DIVISION ),1
1925,SHIV SHAKTI BAG HOUSE,1
1926,SHIV home world,3
1927,SHIVA  INDUSTRIES,1
1928,SHIVALI'S EZONE,2
1929,SHIVAM COMPUTRONICS...,1
1930,SHIVAM ELECTRONICS,1
1931,SHIVAM ENTERPRISES & SALE POINT,1
1932,SHIVAY CORPORATION,1
1933,SHOE HOME,1
1934,SHOP 24/7,1
1935,SHOPATRONES ENTERPRISES,1
1936,SHOPBOOZ™,8
1937,SHOPON-STORE,2
1938,SHOPPER STORE,3
1939,SHOPPING SHUTTLE,2
1940,SHOPPOSTREET®,1
1941,SHOPWITHCONFIDENCE,1
1942,SHOWCASE LIFE STYLE,1
1943,SHREE BUSINESS,1
1944,SHREE JI TM,1
1945,SHREE KANHA TRADERS,1
1946,SHREE KRISHNA SALES,1
1947,SHREE TRADINGS,7
1948,SHREENATH TELESHOP,1
1949,SHREESHYLA,1
1950,SHRI BALAJI.TRADERS,1
1951,SHRI SHIV ETAIL,1
1952,SHRI SHYAM CROCKERY HOUSE,1
1953,SHRIMAHAKALTRADERS(SMT),1
1954,SHRIMATE,1
1955,SHRIMATE eMART,2
1956,SHUBHAM ENTERPRISES VAC,1
1957,SIACHIN ENTERPRISES,1
1958,SINFRA,1
1959,SJT,1
1960,SKC ACCESSORIES,1
1961,SKI Group®,1
1962,SKY  INFOTECH,1
1963,SKY SCRAPERS,1
1964,SKY VENTURE,1
1965,SKrishna,1
1966,SLB  PRODUCTS,1
1967,SLB ENTERPRISE,1
1968,SLIDE COMPUTER SYSTEM,2
1969,SMN Enterprises,3
1970,SN ENTERPRISES,1
1971,SNDIA,1
1972,SOBBY Microfiber cloths and gloves,1
1973,SOFTPLAY,1
1974,SOMKALA TRADERS,1
1975,SPASonline,1
1976,SPECTRUM007,1
1977,SPEEED_SHOP,1
1978,SPIDERJUICE PRIVATE LIMITED,1
1979,SPORTO FITNESS,1
1980,SPORTS N FITNESS,1
1981,SPORTSCOLOUR,4
1982,SPORTSHOUSE,1
1983,SPYONSTORE,1
1984,SR ELECTRONIC,1
1985,SR RETAILERS,1
1986,SREE LAKSHMI STEEL HOUSE,1
1987,SREES - Samsung Authorised - Chennai,1
1988,SRI LAKSHMI GANESH DISTRIBUTORS,1
1989,SRI RAM ENTERPRISESS,1
1990,SRI SAI BALAJI STEEL HOUSE,1
1991,SRI Technologies.,1
1992,SRIPL,3
1993,SRM GLOBAL,1
1994,SRR IT Services,1
1995,SS Cycle,3
1996,SSDN ENTERPRISES |,1
1997,SSDN RO WATER PURIFER,1
1998,SSHAA,1
1999,SSIH Mart,1
2000,SSL2018,1
2001,SSN ENTERPRISES,2
2002,SSP Shri Sai Products,1
2003,STA India,2
2004,STANDARD SECURITY SYSTEMS,1
2005,STAR ELECTRIC CO,1
2006,STAR EMPIRES,1
2007,STAR INDIA,1
2008,STAR SHINE,1
2009,STAR.X,1
2010,STARMARKC,2
2011,START SHOPPING,3
2012,STAY FIT STAY YOUNG,1
2013,STS Shop,2
2014,STYLE DECOR,2
2015,SUBHASHINI GARMENTS,1
2016,SUFI ELECTRONICS,2
2017,SUJEEV TRADES,1
2018,SUKLO,3
2019,SUNDRAM MUSIC HOUSE,1
2020,SUNIL ELECTRICALS-Best Deals,1
2021,SUNNY LIGHTS,1
2022,SUNNY MOBILE,1
2023,SUNRISE DIGITECH,1
2024,SUNSTAR INFO,1
2025,SUPARSHVA SWABS (I),1
2026,SUPER DEALS  24X7,3
2027,SV E,1
2028,SVK ENT,1
2029,SWAMIT TRADERS,1
2030,SWASTIKA ENTERPRISES,2
2031,SYGA,2
2032,SYNTRONIC OFFICIAL,5
2033,SYSTECH COMPUTER & COMMUNICATIONS,5
2034,SYSTEM CARE ENTERPRISES,3
2035,Sachha,1
2036,Sadguru Distributor,1
2037,Safal Enterprises,2
2038,Safari Lifestyle,1
2039,Sahaj Enterprise Surat,1
2040,Sahil emporium1,1
2041,Sai Electricals and appliances,1
2042,SaiTech IT Private Limited (Since 2013),1
2043,Saiar Creations,1
2044,Saint Retail,1
2045,Saiyanshi,1
2046,Salasar-Inc,2
2047,Salcon,1
2048,Sale Bucks,2
2049,SaleOn™,2
2050,Saleboss Enterprises,1
2051,Sales Cart,1
2052,Samplus Mall®,2
2053,Samraya creations,1
2054,Samurai Corner,1
2055,Sangam Sports,1
2056,Sanleen enterprises,1
2057,Sannesh,2
2058,SantEnt,5
2059,Santosh trade link,1
2060,Sapno Ki Apni Dukaan,2
2061,Sapphire Gadgets,1
2062,SapphireBlue,1
2063,Sara Incorporation,1
2064,Sasimo,1
2065,Sat-exm,1
2066,Satnam Stores,1
2067,Satyam Kraft®,1
2068,Satyam sports,2
2069,Sayon Overseas,1
2070,Schrodinger15,2
2071,Secure Traders,1
2072,Sejdeep Enterprises,1
2073,SellBrite Digital,1
2074,SellnShip,1
2075,Semaphore E-Commerce,2
2076,Seva Mart,1
2077,Shadow Securitronics,1
2078,Shake Hands My Pet Store,2
2079,Shamay.Enterprises.,1
2080,Shambhoo,1
2081,Shantam International,3
2082,Shantienterprises,1
2083,Shanvi Decors,2
2084,Sharma Trader1,1
2085,Sharma Traders .,1
2086,Sharma musical store,2
2087,Sharp Choice,1
2088,Shelfkey,2
2089,Shining Wings,1
2090,Shirisha enterprises,2
2091,Shiv Electrical n Electronics,2
2092,Shiv Infinity Traders,1
2093,Shiv shakti Traders,1
2094,Shivali Collection,1
2095,Shivam Enterprises.......,1
2096,Shoora Retail,1
2097,Shop AiS,3
2098,Shop Drive,1
2099,Shop My Needs,1
2100,Shop N Shop,1
2101,Shop Now  .,1
2102,Shop Now (REWY),5
2103,Shop Too Shop®,4
2104,Shop Your World Store,22
2105,Shop more,1
2106,Shop-Box,2
2107,Shop-The-World ( SN Recorded ),1
2108,Shop-ezy,1
2109,Shop@24,5
2110,ShopForBest,2
2111,ShopNJoy,1
2112,ShopSpare,1
2113,ShopUSAIndia,1
2114,Shopizone,1
2115,Shopper's Gallery Zone(100% CUSTOMER SATISFACTION),1
2116,ShoppersTree India,1
2117,Shoppersspace,1
2118,Shopping Mart by M/s Indiginous,1
2119,Shopping Sansar,6
2120,Shopping-Deal,3
2121,Shopstyle,5
2122,Shoptoz dot com,3
2123,Shoptrix,1
2124,ShopyStore,1
2125,Shorey YogAyush,1
2126,Shree  Balaji Traders,2
2127,Shree Nakoda Auto Parts,2
2128,Shree Sai Electrices,1
2129,Shree krishna trader,1
2130,Shreeja collections,1
2131,Shreya’s Store,2
2132,Shri Sai Electricals//,1
2133,Shri Vinayak sales,1
2134,Shri ram electric And sanitary,4
2135,Shrinika baby house,2
2136,Shriram Book Depot,3
2137,Shubh Sports,1
2138,ShubhEnterprises,3
2139,Shubham,1
2140,Shubham Electric & Hardware,1
2141,Shuttler's Zone,1
2142,Shyam Electronics&Electricals,1
2143,Shyam Tech,1
2144,SiH,1
2145,Sia Ram,1
2146,Siddhi Vinayak Hardware,1
2147,SiddhiPari Store,1
2148,Sidhshree1,1
2149,Sigma Online,55
2150,Sigma Tradelink,1
2151,Silicon14 Inc.,1
2152,Simmtronics Online,1
2153,Singhania trading co.,1
2154,Six Etail,1
2155,Sk Noor Enterprises,1
2156,Skudgear,1
2157,SkyAsia Retail,1
2158,SkyFlag Galleria,1
2159,Skyking Instruments,3
2160,Skyline Auto Solutions,1
2161,Skymart Sales,1
2162,Skywalk™,1
2163,SlamBaby,1
2164,Slim Shine,1
2165,SmallNeeds,1
2166,Smart Buy Movies,5
2167,Smart Galleria,1
2168,Smart Kidz,1
2169,Smart Kitchen Hub,1
2170,Smart Quick Buy,1
2171,Smart Store.,2
2172,Smart deals....,1
2173,Smart4Shophar,1
2174,SmartDeals4u,1
2175,SmartGlobal,3
2176,SmartHomes,2
2177,Smart_bestdeal,3
2178,Smarteefi,1
2179,Smartsol Enterprise,2
2180,Smarttechservices,2
2181,SmashDeals,3
2182,Snapzon India,1
2183,Soccer International Private Limited,1
2184,Soft Care,1
2185,Soft Mantra Technologies Limited,1
2186,Softcloud Retails,1
2187,Sogani Coir Foam,1
2188,Soham Inc,1
2189,Soniya  Infotech,1
2190,Sonkariya,1
2191,Soundscape,1
2192,Source India Store,1
2193,Special Deals,1
2194,SpectrumEnterprise,1
2195,Spicestyle Powered by SpiceJet Ltd.,1
2196,Spike Fitness,1
2197,Sports Fuel,4
2198,Sports Fun,1
2199,Sports Hub 1448,5
2200,Sports Hubb,2
2201,Sports ISLAND,1
2202,SportsFitt,1
2203,Sportzbazaar,1
2204,Sprinfo,1
2205,Sree Info Enterprises,1
2206,Sri Ganesh enterprises,2
2207,Sri Sai BalajiMedicals,1
2208,Sri Sai Santhy Enterprises,1
2209,Sri balaji fashion,1
2210,Sri datta enterprises,3
2211,Sri dattganapathi agencie,1
2212,Srisha Traders,1
2213,Standard Fitness,1
2214,Star Network Enterprises,1
2215,Star Peripherals,1
2216,Starbella,1
2217,StarkeConnect,1
2218,Starmark,6
2219,Starone Electronics,1
2220,Stat&AR,1
2221,Steelbird YooShopper,1
2222,Stonehenge Retail,2
2223,Store IN,1
2224,Store108,1
2225,Store2508 Official,1
2226,Storin® Electro World,3
2227,Story @ Home,1
2228,Street27,2
2229,Stvin®ASkyl®(OFFICIAL STORE),1
2230,Style Homez,1
2231,Stylish Flip Keys,1
2232,Subh Sale,2
2233,Subho Computers,1
2234,Sudha creations,1
2235,Sugovind Agencies,1
2236,Sujav Consultants,1
2237,Sukanya Bags,1
2238,Sun Enlist Enterprises,1
2239,SunRobotics,1
2240,Sunny Appliances,1
2241,Suno India,1
2242,Sunshine Gifting,2
2243,Sunshine51,1
2244,SuntopBags,1
2245,Super strength International,1
2246,SuperSonic39,1
2247,Superhero Toy Store,1
2248,Supersure,1
2249,Supply Mart,1
2250,Support 24X7,1
2251,Supreme Mall,1
2252,Supreme Sports & Uniforms,1
2253,Supreme-Mart,4
2254,SupremoEXIM,1
2255,SuprrDeal,1
2256,Suraj Metals,1
2257,Suravi Computer,1
2258,Surgical Distributor,1
2259,Suvidha Mobile,1
2260,Swadeshi Megamart,1
2261,SwastikEnterprise,1
2262,SwastikTraders,1
2263,Swiss Military,1
2264,T M S,1
2265,T for TOYS,1
2266,T-TOYS Udaipur,1
2267,T.D.ENTERPRISE,1
2268,TAC,1
2269,TAMS Overseas LLP,2
2270,TANU ENTERPRISES.,1
2271,TATA SKY LIMITED,1
2272,TECH KLEEN,4
2273,TECHLOGICS-BLR,1
2274,TECHNOLOGY GURU,1
2275,TECHWORLD COMPUTER SARVICE,2
2276,THAT's FOR ME,1
2277,THE CHENNAI STORE,1
2278,THE EVEREST DISTRIBUTORS,1
2279,THE HASH STORE,1
2280,THE LEATHER SHOP,1
2281,THE SHOPPERSLOFT,1
2282,THENIRVANASHOPS,1
2283,THEYOGI,3
2284,TIARAZ,1
2285,TINY TOES,9
2286,TIRUPATI BALAJI TRADING CO.,1
2287,TITAS CONSULTANCY,2
2288,TODAY'S DEAL,5
2289,TOOL ZONE,1
2290,TOPSPOT,1
2291,TOTAL MOBILE AND GAMING,5
2292,TOTAL SPORTS AND FITNESS,1
2293,TOUCHOFF,1
2294,TOYGENIE,1
2295,TOYMART (TANMAN™ ),5
2296,TPS Technologies,3
2297,TRADE FAIR,1
2298,TRADE LINK.,1
2299,TRENDING YOUTH TECHNOLOGIES PRIVATE LIMITED,1
2300,TRENDZ DECOR,1
2301,TRP TRADERS,2
2302,TRUCARE INDIA ( Authorized Seller),1
2303,TRUESTOPSHOP,1
2304,TRUST DEAL,1
2305,TRY TO FLY,1
2306,TS RETAILER,1
2307,TT-Enterprise,1
2308,TWOGOOD ENTERPRISES,2
2309,Tabela Shop,1
2310,Tags Lane,1
2311,Taily Affairs the pet store,1
2312,Takeoff Sports,1
2313,Tanvi Manocha,1
2314,Tapasya Sports And Fitness,1
2315,Tara Traders,1
2316,Tech India Infocom Pvt. Ltd.,1
2317,Tech enterprise,1
2318,TechCommerce,2
2319,TechExperts,1
2320,TechEzy,1
2321,Techcom Infosys,1
2322,Techie Deals,1
2323,Technical Hut,1
2324,Technicom Network,1
2325,Techno Guru,2
2326,Techno-Krat,1
2327,Technogazet,7
2328,Technology Ahead®,1
2329,Technology Gizmo,2
2330,Technoworld Automation,3
2331,Technuv Online,1
2332,Techretailer,1
2333,Techsun Mart®,1
2334,Techtonics India,1
2335,Techyons Solutions,2
2336,Telecom Star,2
2337,Tetromine,2
2338,Textech Solutions,4
2339,Thanukkodi Adithya,3
2340,That one place,1
2341,The Accessories Mart,2
2342,The Baby world,2
2343,The BalajiFab,1
2344,The Blush Cosmetics,1
2345,The Camera Store,2
2346,The Computer Mart,10
2347,The Connections,1
2348,The Cotton World,1
2349,The Different,2
2350,The Discount Deals,3
2351,The Entertainment Store Bangalore,1
2352,The Foam Factory,1
2353,The India Stores,1
2354,The Kingdom of Ecomm,5
2355,The MobStore,1
2356,The Moja Club,1
2357,The Online Home Store,1
2358,The Orange Store Dehradun,1
2359,The Paper Palette,13
2360,The Paramount Trade,1
2361,The Prime Mall,8
2362,The Quality eStore,2
2363,The Real Value,1
2364,The Reasonable Price Products Store,1
2365,The Sport Mall,1
2366,The Style Referee,3
2367,The SweatShop,1
2368,The galaxy music,1
2369,The office Shop,1
2370,The-EStore,7
2371,TheElectricOnline,1
2372,TheFactoryDepot (USA),1
2373,TheGlobalGinnie,1
2374,TheIndianRoyal,1
2375,TheLapStore,1
2376,TheMichelinShoppe,1
2377,TheSportsBoutique,1
2378,TheWatchAgency,1
2379,Thok Adda,1
2380,Thuse Elektronics Pvt Ltd.,1
2381,TigeRetaiL_SLP,4
2382,Tina & Diya Computer,2
2383,Tipshi online,1
2384,Tirupathi enterprises.,1
2385,Tiyana Incorporation (INDIA),1
2386,TnW Enterprises,1
2387,Tobegift,2
2388,Tokari Wala,1
2389,Toodlee,1
2390,Tools Centre,1
2391,Tools-4-All™,1
2392,ToolsMart,2
2393,Top sale,1
2394,TopShelfs,1
2395,Topsons,1
2396,Total World,1
2397,Toycra,2
2398,ToysBuggy,1
2399,ToysMart India,1
2400,Toywale,1
2401,Trade Globe,2
2402,TrademarkZone,2
2403,Tradeplus Marketing,1
2404,Traders JM,1
2405,Traders of India,1
2406,Trades Global,1
2407,TrajectoryStore,1
2408,Trance Home Linen,1
2409,Traniac,1
2410,Trans Innovators,1
2411,Travelgasm,3
2412,Traveller Choice,2
2413,TreasureRetail,1
2414,Trends India International,1
2415,TrendyBuy,1
2416,Trendz Bags,1
2417,Trendz Handpicked,1
2418,Trexee Enterprises,2
2419,TriColor,1
2420,TriTech International,1
2421,TridevEnterprises,1
2422,Trinity Jeans Company,1
2423,Triple Point Ventures,1
2424,TrishaEnterprises,2
2425,Triveni E-Cart,1
2426,True Beats,2
2427,True Empire,1
2428,True Mobile Bazaar,1
2429,Trust Retail,5
2430,Trust Zone 7,1
2431,Truvon services,1
2432,TryoKart,1
2433,Tulip Sales,1
2434,Tulsi Care,1
2435,Tupp Deals,1
2436,Tway Enterprise,1
2437,Typhon 1,1
2438,U S Computers,1
2439,UAE-mart,2
2440,UK TRADERS-18,1
2441,UM Info World,2
2442,UMATIC DATA PROCESSINGS PVT. LTD,1
2443,UNITED SALES,1
2444,UNITED. BROTHERS,3
2445,UPVsales,1
2446,URBAN ACCESSORIES,2
2447,URBRIGHT,1
2448,UTKARSHENTERPRISES,1
2449,UTTAM TOYS™©,1
2450,UZFAR TRADERS,1
2451,UjjwalTrading,2
2452,Ukrit,1
2453,UltraMedia,1
2454,Unique Technic Ganesh Sah,1
2455,Unique enterprise  mittal house,1
2456,Unique world store,5
2457,Unique_Product,1
2458,United Surgical Traders,2
2459,Unitoys,1
2460,Universal Business Company,1
2461,Universal Store Shopping,1
2462,Unnati International,1
2463,Upix Inc.,1
2464,Usha Ayurvedics,1
2465,Utekar Fisheries Private Limited,1
2466,Uthratools,1
2467,V K Bartan Bhandar,2
2468,V K Steels,2
2469,V.P JAGIDAR,1
2470,V.T.I.,1
2471,VA ENTERPRISE,1
2472,VADMANS CONGLOMERATE PVT LTD,2
2473,VAIBHAV TRADERS1,1
2474,VANEX,1
2475,VANSH ENTERPRISES_INDORE,1
2476,VARDHMAN FANCY STORE,1
2477,VARNI FASHION,1
2478,VASUDEV COMMODITY,1
2479,VB Retail,1
2480,VCARESYSTEMS,2
2481,VEDA ENTERPRISES BABY & KIDS STORE,1
2482,VEDANSH ONLINE,1
2483,VEMAX,1
2484,VERTI,1
2485,VESS Groups,1
2486,VGM INTERNATIONAL,1
2487,VIDHAN TRADERS,1
2488,VIDISHA CHOCOES & KRAFTS,3
2489,VIJAY DISTRIBUTORS,1
2490,VIJAY VALLABH (ROYALS),4
2491,VIJAYSHEELA TEXTILES,1
2492,VIKAS GIFT GALLERY,1
2493,VINAY  SALES,1
2494,VINAYAK.,1
2495,VIRENDER ENTERPRISES,1
2496,"VISHWAKARMA ENTERPRISES,",1
2497,VISHWAKARMAENTERPRISES,1
2498,VK MARKETING INDIA,1
2499,VNSM,1
2500,VNV Elite Store,2
2501,VOTNOT™,1
2502,VPLONLINE,1
2503,VR TAMARAI,1
2504,VR-ENTERPRISE,1
2505,VSK Seller,2
2506,VSM INDIA,1
2507,VSS Inc,1
2508,VTECHCOM,2
2509,VTM_SLP,1
2510,VW Retails - Authorised INTEX Distributor,2
2511,VYBBA,1
2512,VYSSPORTS,2
2513,Vaein Enterprise,1
2514,Vaibhav_Creation,1
2515,Valentino N,1
2516,Value Retail,1
2517,ValueShop,1
2518,VanshEnterprises,2
2519,Vectora_Co.,1
2520,Vee Ess Sales Pvt Ltd,1
2521,VeeDee,2
2522,Venus Retail Rajiv,1
2523,Vibrant-Global,1
2524,Vicky Enterprises,1
2525,VictorryHobbies,1
2526,Vijay Enterprises JP,1
2527,Vijaybaghouse,1
2528,Vikas plastic,1
2529,Vinay cosmetics,1
2530,Vinayak products,1
2531,Vinod Stationers,1
2532,Vipito,1
2533,Viva Enterprise Charotar,4
2534,VoilaRetail,1
2535,Voltas shoppe,4
2536,VoltsAmp,3
2537,Vui Online,1
2538,Vyson,1
2539,WALLMARTBAGS,1
2540,WALTZER INDIA PVT. LTD,1
2541,WASAN EXPORTS,1
2542,WELCARE INDIA,1
2543,WELLON OFFICIAL STORE,3
2544,WELROCK,1
2545,WESTERN INSTRUMENTS,1
2546,WHITE POPCORN 🍿,1
2547,WHOLESALE BUCKET,1
2548,WILLIAM PENN PVT LTD,1
2549,WMCART™,1
2550,WOOF PET SHOP,1
2551,WORLD PLAZA,1
2552,WORLDWIDE IMPORTERS,1
2553,WS MART,4
2554,WaitRose,2
2555,Walkin Bazar,1
2556,Wall Attraction,1
2557,Wani Kitchen India,1
2558,Wave Mart,1
2559,Wayona,1
2560,We Love Pet Shop,1
2561,Weber Enterprises,2
2562,Weird®Store,1
2563,Welcome RO And Appliance Co.,1
2564,Weshop*,1
2565,White Label Ventures LLP,1
2566,Whole9Yards,1
2567,WildHorn India,1
2568,Wildstags,1
2569,Winmark Sports,2
2570,Winsome Pet,1
2571,Wish Cart,2
2572,Wish Master,1
2573,Wishndealcom,1
2574,Wizplex,1
2575,WonderKart®,1
2576,World Motion,2
2577,Worldwide_Store,2
2578,Wright Sense,2
2579,XERGY®,1
2580,XForeLYz,1
2581,XPRESS RETAILS,6
2582,XZARVIS INFO SOURCE INDIA PRIVATE LIMITED,1
2583,Xogger Enterprises,1
2584,Xoopack,1
2585,YAMAMA,1
2586,YASH      ENTERPRISES,1
2587,YASH ENTERPRISES,1
2588,YATEE TRADING COMPANY,1
2589,YDV enterprises,1
2590,YI Technology Private Limited,1
2591,YOOHELMETS,3
2592,YOU & ME NX,1
2593,YST SALES,1
2594,YahOoO,2
2595,Yash & Priya,1
2596,Yashi Multi Solutions,1
2597,Yellow Weaves,1
2598,YesBuy,1
2599,Yesbayas Enterprises,1
2600,Yogasya Wellness,1
2601,Yogeshwari Enterprises Goa,1
2602,Young Image,2
2603,Youth Essentials,1
2604,Youth store.,1
2605,YusufEnt,1
2606,Yuva Fashion Store,2
2607,Yuvraj Stores,1
2608,Z's Sales & Service,1
2609,ZAPTIN ENTERPRISES,6
2610,ZARPAT INDIA,3
2611,ZERNA,1
2612,ZHAPAAK BUSINESS SOLUTIONS PRIVATE LIMITED,1
2613,ZIP KART,3
2614,ZIP ZUP,1
2615,ZOFEY,2
2616,ZYDUS TECHNOLOGY,1
2617,Zollyss®,2
2618,Zoroo India,1
2619,Zupitex,2
2620,Zuru Bunch,1
2621,a to z appliances.,1
2622,aabhu,4
2623,aerofresh,1
2624,aftab alam handloom,1
2625,aggarwal enterprises25,1
2626,ak club,1
2627,alfisha,1
2628,amarvagroup,1
2629,amazeelectronicsstore,1
2630,amezonsales,3
2631,amit car accessories aurangabad,3
2632,anipet products,1
2633,ankit computers.service,1
2634,anne -kee™ (homecraft2010),1
2635,apex computer & telecom,1
2636,aqua fine,3
2637,asg fitness,2
2638,autumnfare,1
2639,avsstore,2
2640,balaji enterprises 1,3
2641,bazar-e,1
2642,best rate store,1
2643,best_buyaxz,6
2644,besteshop,2
2645,bhavyaenterprise24,2
2646,big zoom,1
2647,billionBAG,1
2648,bnwinternationl,1
2649,borr,1
2650,buyingideaz,1
2651,cables kart,2
2652,car square,1
2653,care and cure medicose,2
2654,cartup.,1
2655,charmi-ecommerce,1
2656,city medical,1
2657,click.n.save,2
2658,clickforsign,1
2659,clifoxcorp,1
2660,cloudsaledelhi,1
2661,coverReady,1
2662,creative_adda,1
2663,cureandcare,1
2664,dark collection zone,1
2665,dealerkart,2
2666,deals bazzar (  ZZ ZONEX® ),1
2667,deekshita homokart llp,1
2668,dharm enterprises,1
2669,dhrishti collection,1
2670,digitalization,1
2671,digiwebit-21,2
2672,dimpi enterprises,2
2673,divyansh enterprises ™,1
2674,dove mega net,2
2675,duodain,1
2676,e Space India,1
2677,e-SiGNiFY INDIA,1
2678,e-square systems,1
2679,e4u,1
2680,e9accessories,7
2681,eClinic,5
2682,eComm Velocity,1
2683,eCosmos By Royal IT Official,1
2684,eHUB®,1
2685,eKitchenVentures,2
2686,eRetail Inc..,1
2687,eSampark,1
2688,eStofers®,1
2689,eS³kube,1
2690,eTRADE,1
2691,eTrade Marketing P Ltd,1
2692,eValuemart®,3
2693,eWizard,1
2694,ease shop,1
2695,ecomstars,2
2696,efforwave™,1
2697,electronics junction,4
2698,electroworld5,1
2699,embroidery material,1
2700,estore9,1
2701,fakhir associates,2
2702,finer enterprises,1
2703,flmas,1
2704,fortunext,1
2705,galaxyenterprisesnew,1
2706,game_shopee,3
2707,ganesham agency,1
2708,garg trading com.,4
2709,gayatri mobile house,2
2710,gifts inn,1
2711,golden dreams,2
2712,goowy,1
2713,gostuffs,3
2714,gupta helmets,3
2715,gupta sales corpoeation,1
2716,guru nanak sales,4
2717,happytech ® by balaji creation,1
2718,harikrishnavilla®,1
2719,harmani india,1
2720,harshita_e-trading,1
2721,hgiftmart,1
2722,hk shop,3
2723,hreedhan enterprises,2
2724,i-Heir® Official,1
2725,iBhejo,11
2726,iBoat (India),1
2727,iFuture-Technology,1
2728,iLogistics Online,1
2729,iShake,1
2730,iStuff365,1
2731,iTECHNOLOGIES,1
2732,iVoltaa Official,1
2733,ibcstore,1
2734,imobile point,1
2735,indianseller4u,2
2736,insastacom,4
2737,iphotostore,1
2738,it store,3
2739,itglobal,1
2740,jain1hub,2
2741,janakenterprises,1
2742,jannatinfo,1
2743,jayaswal marketing,1
2744,jnr electronics,1
2745,jopasucarcare,1
2746,k3_stores,4
2747,kaiway computer,1
2748,kathiriya's,1
2749,keisham marketing,1
2750,khodiyarmart,1
2751,kiddocart,1
2752,king shine industries,1
2753,kitchen bazaar,1
2754,kitchenette World®🇮🇳,1
2755,kitchenonline,1
2756,klickus. com,1
2757,kmltail,1
2758,knickknack42,2
2759,komagal Private Limited,2
2760,kookaburra india,1
2761,kpc,1
2762,krishna-accessories,3
2763,krishnaa sales,4
2764,laboratorydeal tamil Nadu,2
2765,laptop house,3
2766,lasaani sales corporation,1
2767,lavish Collections,1
2768,legend aqua tech,1
2769,liveagency,1
2770,look_new,1
2771,lovelyhome Mall,1
2772,lowprice bazaar,3
2773,makeURkart,4
2774,mamaearth,1
2775,mannat creation,1
2776,market king,4
2777,mayur    traders,1
2778,medley musicals,1
2779,mega tech world,1
2780,micropower,3
2781,mishu store,3
2782,mobile gear,1
2783,mobile house baner,1
2784,mobile worldz,1
2785,mtuggar,1
2786,my e-world,1
2787,my gizmos,2
2788,mySPOGA..,2
2789,myradiant,1
2790,narang associates,1
2791,neelam sales corporations,1
2792,nehra sports,2
2793,niceeshop,1
2794,ogre,1
2795,om steels,1
2796,omax health care,1
2797,omega stores,1
2798,one-stop shop,1
2799,online Retail,1
2800,online d store 21,1
2801,onlinebee,3
2802,origami So soft,1
2803,pa sales,1
2804,pacificshop2014,1
2805,padhis enterprises,1
2806,palia crockery & gift centre,1
2807,parvika kitchen,1
2808,pathak sales,1
2809,plusepoint,1
2810,plutofit®,2
2811,pocin,1
2812,premium e-retailors,1
2813,price..perfect,10
2814,priuscorporation,1
2815,priyarchika hub,2
2816,quick Store,3
2817,raar labs,1
2818,rajendra seat cover,1
2819,reefor,1
2820,rjsales,1
2821,roboCraze,1
2822,rudra trading co.,1
2823,saara samaan,2
2824,sachdeva enterprises t,1
2825,saco,1
2826,sah enterprises,1
2827,sailcom,1
2828,saini collections,1
2829,sales zone,1
2830,samraj institute,1
2831,san system,1
2832,sargiya enterprises,1
2833,sb18,2
2834,secured&easybuy,3
2835,seller kart,1
2836,shanti enterprisess,1
2837,sheela textiles,2
2838,shiv sakti agency,1
2839,shiva traders jind,1
2840,shivani fashion,1
2841,shivya home,1
2842,shop 24x7,1
2843,shop bucket,1
2844,shopeza®,1
2845,shopiesta,1
2846,shopingine,2
2847,shopping24x7,6
2848,shoppingzone,1
2849,shree nakoda traders,2
2850,shreeganeshmarketing89,1
2851,shri ram raja,1
2852,sim sim world,1
2853,skmotormad,1
2854,skyenterprises2020202,1
2855,skytech medical and surgical devices,1
2856,slidecart_electronics,1
2857,smartdeal9,1
2858,softspun,1
2859,sportscity,1
2860,sportzcomplex,2
2861,sripadmaelectronics,1
2862,ssolutions,1
2863,star enterprises963,1
2864,stellarsquare,2
2865,store of Gifts,2
2866,styledose,1
2867,supreme ro system,2
2868,suraaj fashions,1
2869,teleform,4
2870,theWinkel,3
2871,theskinstore,2
2872,thevaluestore,1
2873,tolbhav,1
2874,triveni communication,1
2875,ttoys bazar pvt ltd,1
2876,udal solution,2
2877,universal tech accessories,1
2878,ur-kidstore,1
2879,vaishnavi traders,1
2880,vardhaman infotech,1
2881,vasilaenterprise,1
2882,vikhu enterprises,1
2883,vinod store,1
2884,vs mark,1
2885,weptpro,1
2886,winning stroke,2
2887,wisechase,3
2888,woody international,1
2889,world2home,1
2890,wowdog,3
2891,www.indoselection.com®,2
2892,xtronicsapp,1
2893,y&n,1
2894,yashnetbusiness,2
2895,yashraj Enterprises Indore,1
2896,yatin fab,2
2897,zenithtraders,2
2898,zpul ssports,3
2899,ǤᗴᑎᗝᑕƳ丅ᗴ,1
2900,मी-BOSS,6
2901,𝕿𝖍𝖚𝖓𝖉𝖊𝖗𝕶𝖎𝖓𝖌,1
