,Brand,0
0,3M,2
1,A & T,1
2,A C SPORTS,1
3,A'la Mode Creation,1
4,AADHISHA,1
5,ABS AUTO TREND,1
6,ABYS,1
7,ADISA,2
8,AL FASCINO,2
9,AM LEATHER,2
10,AMAZING HEALTH SOLUTION,1
11,AMERICAN MICRONIC,1
12,AMG Digital,1
13,AO Smith,2
14,APACS,1
15,APPUCOCO,1
16,ART N HUB,1
17,ASE YOGA INDIA,1
18,ASTEROID,1
19,ASkyl,1
20,ATC PREMIUM,1
21,AURION,14
22,AUXTER,3
23,AVM,1
24,AVS STORE,2
25,AVS STORE®,1
26,Aai,1
27,Aamir Khan,2
28,Accezory,4
29,Acer,3
30,Acorn,1
31,Activa,2
32,Advind Healthcare,1
33,Aftab,2
34,Ahmedabad Cotton,4
35,Airmaker,1
36,Ajay Devgan,1
37,Akshay Kumar,3
38,Alden Ehrenreich,1
39,Alexvyan,2
40,Alfisha,1
41,Alia Bhatt,1
42,Alice,2
43,Allin Exporters,3
44,Allxpert,1
45,Amazon,3
46,AmazonBasics,34
47,Ambi Pur,1
48,Ambrane,1
49,American Tourister,32
50,Amitabh Bachchan,5
51,Amitabh Bachhan,1
52,Amjad Ali Khan,1
53,Amkette,2
54,Amy Poehler,1
55,Angelina Jolie,1
56,Anker,1
57,Ant Audio,1
58,Antony Starr,1
59,Apple,1
60,Apsara,1
61,AraNxt,1
62,Aristocrat,8
63,Arlo Technologies,1
64,Aruna Sairam,1
65,Asitis Nutrition,1
66,Assembled Desktop,1
67,Asus,4
68,Aurodo,1
69,Authtentic,1
70,AutoTrends,1
71,Autofurnish,1
72,Autofy,3
73,Autopearl,1
74,Autosol,1
75,Autosun,1
76,Autowizard,1
77,Aveeno,1
78,Ayushmann Khurrana,2
79,BEE,1
80,BIPM,1
81,BODYGRIP,1
82,BOGESI,2
83,BPL,2
84,BRANDONN,3
85,Baby Bucket,2
86,Baby Dove,1
87,BabyGo,2
88,Backpack,1
89,BagsRUs,1
90,Baijnath Premnath,1
91,Bajaj,11
92,Bandai,1
93,Batman,1
94,Behringer,1
95,Belkin,1
96,BenQ,1
97,Better & Brighter Homecare,2
98,Bey Bee,2
99,Bhimsen Joshi,1
100,Bianyo,1
101,Bigsavings,1
102,Bikestuff,1
103,Biotique,1
104,BitDefender,2
105,Bizarre Vogue,1
106,Bk,1
107,Blackt Electrotech,1
108,Blossoms,1
109,Blue Star,1
110,BlueRigger,1
111,Bmax,1
112,Boat,27
113,Bobo,1
114,BodyBand,1
115,BodyFit,2
116,Bombay S.Jayashri,1
117,Borosil,3
118,Bose,2
119,Boya,3
120,Brother,5
121,Bufferman,1
122,Bulfyss,7
123,Burnlab,1
124,CABLEGALLERY,1
125,CAM 360,1
126,CAPTAIN AMERICA,1
127,CERO,2
128,CHANCY,1
129,CHAND SURAJ,2
130,CHEVIK GET ADDICTED,1
131,CHOOSTIX,5
132,CHRONEX,1
133,COSMUS,2
134,CP Plus,4
135,CRUST,1
136,CVANU,1
137,CW,1
138,Callas,1
139,Camlin,2
140,Canon,24
141,Capcom,1
142,CarSaaz,1
143,Cardio Max,1
144,Carrier,2
145,Casa De Amor,1
146,Casio,4
147,Cello,15
148,Cetaphil,1
149,Chappi,1
150,"Charlize Theron, Vin Diesel Dwayne Johnson Luke Evans",1
151,Chicco,1
152,Choice homes,1
153,Chris & Kate,10
154,Chris Evans,3
155,Chris Hemsworth,1
156,Classmate,1
157,Cloth Fusion,1
158,CloudWalker,5
159,Clublaptop,1
160,CocoMoco Kids,2
161,Codemasters,1
162,Commlite,1
163,Contacts,1
164,Cooler Master,1
165,Corsair,3
166,Cosco,2
167,Cost2Cost1,1
168,Cpixen,1
169,Crazy Sutra,1
170,Creative's,2
171,Crompton,5
172,Cross,1
173,CrossBeats,1
174,Crucial,3
175,Curveit,1
176,D'Addario,2
177,D-Link,6
178,D3D,3
179,DAHSHA,3
180,DEHMAN,1
181,DEIN KLEIDER,1
182,DEVMA,1
183,DFS,1
184,DHAGAN,1
185,DIXON,1
186,DMC,1
187,DOCOSS,1
188,DRUMROAR,1
189,DSC,2
190,DZert,1
191,Dahua,1
192,Daikin,5
193,Dash,1
194,Datawind,1
195,Deal Especial,1
196,DealBindaas,1
197,Decathlon,1
198,Deep Silver,2
199,Dell,11
200,Delsey,2
201,DeoDap,1
202,Deziredeal,1
203,Die Hard,1
204,Dilip Kumar,1
205,Discount Retail,1
206,Disney,1
207,Divine Casa,1
208,Docooler,1
209,Dr Trust,1
210,Dr. CHARCOAL,1
211,Dr. Copper,1
212,Dronean,1
213,Drools,3
214,Drumstone,4
215,Duckback,1
216,Dussledorf,1
217,EASY BREATHER,1
218,EGate,1
219,ELLONIA,1
220,Eagle Eye Gadgets,1
221,Ealth Kart,1
222,EasyHealth,2
223,Ebee,2
224,Einstein Box,2
225,Electomania,1
226,Electronic Arts,1
227,ElectronicsArtGalleryEAG,1
228,Elements,1
229,Elevea,1
230,Embroco,1
231,Embroiderymaterial,1
232,Enraciner,2
233,Envent,2
234,Epson,6
235,Epson originals,1
236,Eureka Forbes,1
237,Eveready,3
238,Everycom,1
239,Ewan McGregor,1
240,EzLife,1
241,Ezee,1
242,F Gear,4
243,FASTPED,2
244,FD,1
245,FINICKY-WORLD,1
246,FIT PICK,1
247,FREDI HD PLUS,1
248,FREEMANS,1
249,FULLY,1
250,FUR JADEN,3
251,FUSION5,1
252,FabSeasons,2
253,Faber-Castell,2
254,Familykart India,1
255,Fansport,1
256,Farraige,1
257,Fashion World,1
258,Fastrack,2
259,Fendo,1
260,Fergal Reilly,1
261,Finer,1
262,Fisher-Price,1
263,Fitbit,4
264,Fitkit,8
265,Fitlethic,2
266,Fitster5,1
267,Fitsy,2
268,Flash,1
269,Flintstop,1
270,Flow,1
271,Foodie Puppies,1
272,Formula 1,2
273,Foscam,1
274,Frantic,1
275,FunKo,1
276,Funskool,3
277,Funskool-Asmodee,1
278,Fur Jaden,3
279,Futurekart,1
280,GADGETS WRAP,1
281,GANDIVA,2
282,GIZGA essentials,1
283,GJ,1
284,GLEAM,1
285,GLUN,2
286,GM,5
287,GOCART WITH G LOGO,1
288,GODS,1
289,GREAT MASTER,1
290,GTC,1
291,GYRONAX,2
292,GZQNAN,1
293,Gadget Hero's,1
294,Gadget-Wagon,1
295,Gajraj,1
296,Gala,1
297,Game of Thrones,1
298,Ganesh,3
299,Garmin,1
300,Gear,5
301,Generic,51
302,Generic (unbranded),2
303,Generic Unbranded,1
304,Genius Box - Play some Learning,2
305,Genric,2
306,Getko,1
307,Gigabyte,1
308,GoTrippin,1
309,God Gift,1
310,Godrej,11
311,Godrej aer,1
312,Goldmedal,1
313,Goodness,2
314,Gorilla,2
315,Greeneye Technology,1
316,Grobag,1
317,HARD KNIT,1
318,HASHTAG FITNESS,1
319,HIDE & SKIN,1
320,HM Digital,1
321,HOIN,1
322,HOKIPO,1
323,HOLME'S,1
324,HOME CUBE,1
325,HORNBULL,12
326,HP,23
327,HTC,1
328,HTC Instrument,1
329,HUILE,1
330,Haier,1
331,Halo Innovations,1
332,Halonix,1
333,Happile,1
334,Harikrishnavilla,3
335,Hariprasad Chaurasia,2
336,Havells,4
337,Hawkins,2
338,Head & Shoulders,1
339,Heads Up For Tails,1
340,Healthex,1
341,Healthgenie,5
342,Hikvision,4
343,Himalaya,10
344,Hipkoo,1
345,Home Bargain,1
346,Home Pictures,1
347,Home Spa,1
348,Homefab India,1
349,Honeywell,1
350,House of Marley,1
351,House of Quirk,1
352,Huawei,1
353,Huggies,7
354,Hush Plug,1
355,Hynix,3
356,I Craft for Less,1
357,IBIZA,1
358,IFITech,1
359,IKALL,8
360,ILARTE,1
361,INDISWAN,1
362,INLANDER,2
363,INOVERA (LABEL),1
364,IRIS,1
365,ISEE 360,1
366,IShake,2
367,Immunity booster,1
368,Impulse,2
369,In tel,1
370,Inalsa,3
371,India,1
372,Indian Riders,2
373,Indian Stallion,1
374,Inditradition,3
375,Inditrust,1
376,Insasta,1
377,Intel,1
378,Intern,1
379,Intex,3
380,Involve Your Senses,1
381,Ionix,1
382,Irrfan Khan,2
383,Isomars,1
384,Ivaan,1
385,Izoo,1
386,JAPSBAG,1
387,JASS HOME DECOR,1
388,JBL,15
389,JK,1
390,JMAGS,1
391,JT,1
392,JUAREZ,6
393,JVS,1
394,JY SUPER,1
395,Jack Black,1
396,Jade Spade,2
397,Jason Momoa,1
398,Jazz Fashions,1
399,JioFi,1
400,John Boyega,1
401,Johnny Depp,1
402,Johnson's,8
403,Jopasu,2
404,K London,2
405,K7,1
406,KABEER ART,2
407,KETSAAL,1
408,KEZRO,1
409,KILLER,2
410,KOUZI,1
411,KS,1
412,Kabello,1
413,Kadence,2
414,Kaspersky,8
415,Kelly Macdonald,1
416,Kent,3
417,Kevin,5
418,Kimberly-Clark,1
419,Kingston,2
420,Kishori Amonkar,2
421,Klapp,2
422,Kobo,3
423,Kodak,1
424,Konex,1
425,Kookaburra,1
426,Kore,3
427,Kores,2
428,Koryo,1
429,Kraptick,2
430,Krazzy Collection,1
431,Krevia,1
432,Krisons,3
433,Kuber Industries,3
434,Kurtzy,1
435,Kusam Meco,19
436,LALA LIFE,1
437,LEGO,1
438,LG,17
439,LIOOBO,1
440,LOOPAn,1
441,LORETO – A QUALITY LINEN BRAND,1
442,LTETTES,1
443,LYCAN,2
444,La Polo,1
445,Lapcare,1
446,Laurels,1
447,Le Gear,1
448,Leaf,1
449,LeeRooy,1
450,Leegoal,1
451,Lenovo,12
452,Leverage,1
453,Li-Ning,3
454,Lifeline,2
455,Lifelong,1
456,Liolis,1
457,Lista,5
458,Litake,1
459,Little Pumpkin,2
460,Little's,1
461,Littly,1
462,Liverpool F.C.,1
463,Livzing,1
464,Lloyd,2
465,Logitech,5
466,Lolin NodeMCU,1
467,Lotus,2
468,Lovely Arts Collection,1
469,Low Price,1
470,Lunar's,1
471,Lutyens,2
472,Luvlap,21
473,Luzon Dzire,1
474,M.Chandrasekharan,1
475,MANTRA,1
476,MAONO,1
477,MARINE PEARL,1
478,MCP,2
479,MChoice,1
480,MEXTECH,2
481,MILTON,15
482,MK,1
483,MOM'S HOME,1
484,MOUNT TRACK,2
485,MPRT,1
486,MRF,2
487,MUFUBU,1
488,MUSTANG,1
489,MY 60 MINUTES,1
490,MY SHAKE,1
491,Magideal,4
492,Magna Tiles,1
493,Mahanandhi web services,2
494,Maharaja Whiteline,3
495,Mamaearth,6
496,MamyPoko,12
497,Manchester City F.C.,3
498,Mandhania,1
499,Mappo,1
500,Mark Hamill,1
501,Mastech,1
502,Max Secure,1
503,Max2100,1
504,McAfee,3
505,Meat Up,3
506,Meco,1
507,Mee Mee,8
508,Metro,1
509,Meya Happy,1
510,Mi,13
511,Michelin,1
512,Micromax,5
513,Microsoft,6
514,Milestone,1
515,Milestouch,1
516,Mitashi,7
517,Mivi,1
518,Mobias Retails,2
519,MobileGabbar,1
520,Mohit Chauhan,1
521,Mohit Raina,1
522,Monitor,1
523,Morphy Richards,2
524,Motorola,1
525,Mototrance,2
526,Munchkin,1
527,MuscleXP,1
528,My Shaldan,1
529,Mystique,1
530,N Choice,2
531,NETCO POWER,2
532,NIRLON,1
533,NISHICA,1
534,NISUN,1
535,NIVIA - - Step Out & Play,4
536,NOVEX,4
537,NOVICZ,4
538,NPRC,1
539,Namco,1
540,NeedyBee,1
541,Nestle,1
542,Netgear,2
543,Nice Line,2
544,Nikon,8
545,Nilvarna Handicraft,1
546,Nimble House,1
547,Nivia,11
548,Noise,1
549,Nootie,2
550,Numlock,1
551,OCIAL,1
552,ONLINE MONK,1
553,ORICO,1
554,ORPIO (LABLE),1
555,OSE,1
556,OULII,1
557,Oddy,2
558,Okayji,4
559,Ole Baby,1
560,Ollmii,1
561,Omron,1
562,Ontel,1
563,Ontime,1
564,Orient,3
565,Orient Electric,1
566,Origami So..Soft,1
567,Orpat,4
568,Owen Wilson,1
569,Ozoy,2
570,PAPER PLANE DESIGN,1
571,PARADOX (LABEL),1
572,PCS SYSTEM - Battery Airtel E5573s,1
573,PEEBUDDY,1
574,PITZO,2
575,PMW,1
576,POLE STAR,9
577,PROCUS,1
578,PROKLEAR,1
579,PUREPET,1
580,Pampers,16
581,Pampers Premium Care,3
582,Panasonic,7
583,Pandit Nikhil Banerjee,1
584,Pantene,2
585,Park Avenue,6
586,Parker,1
587,Paul Rudd,1
588,Pedigree,12
589,Pet Wholesale,1
590,Peter England,7
591,Pets Empire,2
592,Phenovo,1
593,Philips,31
594,Philips Avent,3
595,Philips Lighting India,1
596,Photron,2
597,Pigeon,4
598,Pigeon by Stovekraft,4
599,Pilot,5
600,Plantex,1
601,Play,1
602,Play Panda,1
603,Polk Audio,1
604,Porro Fino,1
605,Portronics,7
606,PowerMax Fitness,6
607,Powerpak,1
608,Prabhas,3
609,Prana Air,1
610,Preethi,2
611,Premier,1
612,Presto!,7
613,PrettyKrafts,1
614,Princeware,1
615,ProElite,2
616,ProQ,1
617,Probiker,1
618,Probus,1
619,Prokick,1
620,Protokart,1
621,Protoner,5
622,Pt. Ajoy Chakraborty,1
623,Pt. Bhimsen Joshi,1
624,Pt. Kumar Gandharva,1
625,Pt. Rajan,1
626,Pt. Shiv Kumar Sharma,1
627,PumPum,1
628,Puma,1
629,Pureit,1
630,Purify+,1
631,QFX,2
632,QUEEN EXPORT,1
633,Quace,1
634,Quantum,3
635,Quastro,1
636,Quechua,7
637,Quick Heal,4
638,R for Rabbit,8
639,R-tek (DEVICE),1
640,R.K.V.,1
641,RASCO,1
642,RASON,2
643,RED CHERRY,1
644,REWY,2
645,ROBUST,1
646,ROCKETKART,1
647,ROHIT BAL,2
648,ROLLTOP,1
649,RPM - Euro Games,1
650,RS Home Furnishing,2
651,RUATAM HANDICRAFTS,2
652,RUBX,1
653,RYAN OVERSEAS,2
654,Racold,1
655,Radhika Apt,1
656,RainSound,1
657,RajasthaniKart,2
658,Rakesh Chaurasia,1
659,Rally,1
660,Rami Malek,1
661,Ranbir Kapoor,1
662,Ranveer Singh,1
663,Raspberry Pi,3
664,Ravensburger,4
665,Ravi Shankar,2
666,Reach,1
667,Realme,1
668,Recron Certified,1
669,Redgear,1
670,Reelay mee,1
671,Reglox,2
672,Regor,1
673,Reliable,1
674,Rewy,2
675,Rewy Generic,1
676,Rhobos,1
677,Rite Clique,1
678,Rizzer,1
679,"Rk Shrikathan,M.Balamuralai Krishana,Bombay s Jayashri,Aruna Sairam,Sudha Raghunathan,Nithyashree Mahadevan Maharajapuram V shantaram",1
680,Robert Downey Jr,1
681,Robert Pattinson,1
682,Robustrion,1
683,Rockbros,1
684,Rosset,1
685,Royal waves,1
686,Royallite,1
687,SAFESEED,1
688,SAFETYNET,1
689,SAI INTERNATIONAL,1
690,SAISAN,1
691,SAMPLUS MALL (LABEL),2
692,SAREGAMA,6
693,SARFUDDIN flutes,1
694,SASSIE,1
695,SEEKU,1
696,SELPAK,1
697,SFK,1
698,SG,3
699,SG Musical,6
700,SHOPATRONES,1
701,SHOPPOSTREET,1
702,SILTON,1
703,SJCAM,1
704,SKYSE,1
705,SLB Works,2
706,SMT,6
707,SNDIA,1
708,SOFTSPUN,2
709,SPL,1
710,SPORTLAND,1
711,SPORTO FITNESS,3
712,SPYON,1
713,SS,1
714,SSKK,3
715,SSU,1
716,STRAUSS,15
717,SUKAU,1
718,SUNLEY,2
719,SVR,1
720,SWASTIK,1
721,Saco,1
722,Safari,30
723,Sahani Traders,1
724,SahiBUY,1
725,SaleOn,1
726,SaleOn™,1
727,Salman Khan,1
728,Samsung,24
729,SanDisk,6
730,Sanyo,3
731,Sara,1
732,Sasimo,1
733,Satyam Kraft,1
734,Saysha,1
735,Scubafitness,1
736,Seagate,2
737,SebaMed,3
738,Secure Vision,1
739,See more product details,1
740,Sennheiser,2
741,Shabana Azmi,1
742,Shadow Securitronics,1
743,Shah Rukh Khan,3
744,"Shahid Kapoor, Deepika Padukone Ranveer Singh",1
745,Sheeba,1
746,Shenzhen Best Deals,1
747,Shinco,3
748,Shivya,1
749,Shop My Needs,1
750,ShopNGift,1
751,Shopper Stock,1
752,Signoraware,1
753,Silver's,11
754,Simmtronics,1
755,Sio,1
756,Sk Hynix,1
757,Skillofun,2
758,Skip Hop,2
759,Skudgear,1
760,Skybags,31
761,Skyking,2
762,SmallAll,2
763,Smart Frog,1
764,Smart Galleria,1
765,Smart One Rocklight,1
766,Smart Plug,1
767,Smart Pro,1
768,Smartivity,1
769,Smartone Rocklight,1
770,Sobby,3
771,Solimo,24
772,Sony,22
773,Speedo,3
774,Sphero,1
775,SpiderJuice,1
776,Spike,1
777,Sport Fuel,1
778,Sports Fuel,1
779,Sportsfuel,1
780,SpotsFitt,1
781,Spotzero by Milton,2
782,Square Enix,2
783,SreeTeK️ X96 Mini,1
784,Sricam,3
785,Stanley,1
786,StarX,2
787,Steelbird,3
788,Sterillium,1
789,Store2508,2
790,Storite,4
791,Story@Home,2
792,Studds,3
793,Style Eva,1
794,Suntop,4
795,Super Dog,1
796,Supreme Mall,1
797,Suraj Metals,1
798,Swiss Gear,1
799,Swiss Military,3
800,Syga,2
801,Syska,4
802,TAAR,1
803,TAGG,2
804,TANTRA,2
805,TARAVISION,1
806,TARKAN,2
807,TATASKY,1
808,TCL,3
809,TECHCOM,1
810,TECHONTO,1
811,THE INK BUCKET,1
812,TOMMY HILFIGER,1
813,TP-Link,7
814,TQWMU,1
815,TRANIAC - Train Like A Maniac,1
816,TRP TRADERS,1
817,TULIPS,1
818,Taapsee Pannu and Vicky Kaushal Abhishek Bachchan,1
819,Technix,2
820,Techsun Mart,1
821,Tefal,1
822,Teflon,1
823,Tempo,1
824,Terabyte,5
825,Tewtross,1
826,Thames,2
827,The Clownfish,1
828,The Entertainment Store,2
829,The Flyers Bay,1
830,Think Infotech,1
831,Tima,1
832,Tiny Deal,1
833,Titan,3
834,TnW,1
835,Tom Mison,1
836,Topps,1
837,Tosaa,2
838,Tottenham Hotspur F.C.,1
839,TotzTouch,1
840,Toyshine,1
841,Trajectory,3
842,Trance Home Linen,1
843,Travelsky,1
844,Trendz Handpicked,2
845,Treo,1
846,Treo By Milton,2
847,Trexee,1
848,Tripole,1
849,Trumom,1
850,Tulsi,1
851,Tupperware,2
852,Tye Sheridan,1
853,UBI Soft,2
854,URBAN FOREST,5
855,Uncle Milton,1
856,United Lethargic,1
857,United's,1
858,Unknown,1
859,Upix,3
860,Urban Home,1
861,Urban Republic,4
862,Usha,9
863,Ustad Amjad Ali Khan,1
864,V.T.I.,1
865,VARIOUS,1
866,VAULT,1
867,VB Retail,1
868,VEMAX,1
869,VIP,1
870,VOODANIA,1
871,VU,1
872,ValueShop,1
873,Vardhman,1
874,Various,3
875,Various Artists,1
876,Vector X,3
877,Vectora,1
878,Vega,3
879,Vicky,1
880,Vikas gift gallery,1
881,Vintage,1
882,Virtual World,1
883,Vivek Oberoi,1
884,Voltas,12
885,Voxpop,9
886,WASAN,1
887,WB Games,2
888,WELROCK,1
889,WHITE POPCORN SPEED,1
890,WILDEDGE,1
891,WINDEK,1
892,WINTECH,2
893,WOBBOX,5
894,WOODY,1
895,WRIGHT,1
896,Waxpol,1
897,Wayona,3
898,Webby,3
899,Welcare,1
900,Wellon,1
901,WensLTD,1
902,Western Digital,3
903,Wet 'n Wild,1
904,Whirlpool,9
905,Whitelily,1
906,Wifi,1
907,WildHorn,14
908,Wildcraft,6
909,Wildstags,1
910,Wintech,1
911,Wipro,6
912,WonderKart,1
913,Wonderchef,2
914,Wonderford,3
915,Wright,1
916,XERGY,1
917,XElectron,1
918,YI,3
919,YKS,1
920,Yamaha,4
921,YeahiBaby,1
922,Yellow Weaves,2
923,Yogasya,1
924,Yonex,27
925,ZAAMBUTECH,2
926,ZAPTIN,1
927,ZORO,2
928,ZURU BUNCH,1
929,Zaptin™,1
930,Zebronics,3
931,Zebronics-Intel,1
932,Zippo,1
933,Zofey,1
934,Zoook,1
935,a k,1
936,a k creation,1
937,billionBAG,1
938,capriff,1
939,captcha,2
940,cmbear,1
941,eHub,2
942,flying CLOUDS,1
943,friends & company,1
944,happytech,1
945,hopesunkhc,1
946,i-Heir,1
947,iBall,10
948,iNinja Tools,1
949,iVoltaa,1
950,iZED,1
951,incho,1
952,jungal,1
953,junos,1
954,king shine,1
955,lovelyhome,1
956,metors,1
957,mi,5
958,mtuggar,1
959,oyrl,2
960,rts,1
961,smarteefi,2
962,stealkart,1
963,vini yoga mat,1
964,wildmount,1
965,zhart,1
